match_key,match_number,round,date,kickoff_utc,venue,home_team,away_team,odds_source,odds_home,odds_draw,odds_away,predicted_outcome,predicted_winner,prob_away_win,prob_draw,prob_home_win,probability_source
2026-09-08|fc utrecht|go ahead eagles,38,5,2026-09-08,2026-09-08 12:00:00+00:00,Stadion Galgenwaard,FC Utrecht,Go Ahead Eagles,,,,,home_win,FC Utrecht,0.380843776023458,0.11886990058346766,0.5002863233930743,xgboost
2026-09-09|fc twente|telstar,27,3,2026-09-09,2026-09-09 16:45:00+00:00,De Grolsch Veste,FC Twente,Telstar,,,,,home_win,FC Twente,0.13846260449895872,0.13756763146914353,0.7239697640318977,xgboost
2026-09-11|az|willem ii,47,6,2026-09-11,2026-09-11 18:00:00+00:00,AFAS Stadion,AZ,Willem II,interwetten_2026-09-09,1.15,8.75,15.0,home_win,AZ,0.06145507290632873,0.1369570196198183,0.801587907473853,market_calibrated
2026-09-12|fc twente|ado den haag,51,6,2026-09-12,2026-09-12 14:30:00+00:00,De Grolsch Veste,FC Twente,ADO Den Haag,interwetten_2026-09-09,1.25,6.0,11.0,home_win,FC Twente,0.08207934336525308,0.19562243502051985,0.7222982216142271,market_calibrated
2026-09-12|go ahead eagles|fc groningen,53,6,2026-09-12,2026-09-12 16:45:00+00:00,De Adelaarshorst,Go Ahead Eagles,FC Groningen,interwetten_2026-09-09,2.35,3.85,2.65,home_win,Go Ahead Eagles,0.33085580026146666,0.29605148880539023,0.37309271093314317,market_calibrated
2026-09-12|fortuna sittard|ajax,52,6,2026-09-12,2026-09-12 18:00:00+00:00,Fortuna Sittard Stadion,Fortuna Sittard,Ajax,interwetten_2026-09-09,6.5,5.0,1.4,away_win,Ajax,0.6331579972725502,0.23046951100720828,0.13637249172024157,market_calibrated
2026-09-12|sc cambuur|nec,46,6,2026-09-12,2026-09-12 19:00:00+00:00,Kooi Stadion,SC Cambuur,NEC,interwetten_2026-09-09,4.9,4.8,1.53,away_win,NEC,0.5791662665199052,0.2399920216891857,0.18084171179090913,market_calibrated
2026-09-13|excelsior|fc utrecht,50,6,2026-09-13,2026-09-13 10:15:00+00:00,Stadion Woudestein,Excelsior,FC Utrecht,interwetten_2026-09-09,2.25,3.7,2.95,home_win,Excelsior,0.29872168647678854,0.3096209912536443,0.3916573222695672,market_calibrated
2026-09-13|heerenveen|telstar,49,6,2026-09-13,2026-09-13 12:30:00+00:00,Abe Lenstra Stadion,Heerenveen,Telstar,interwetten_2026-09-09,1.83,4.0,3.75,home_win,Heerenveen,0.23430560556955948,0.28555995678790064,0.4801344376425399,market_calibrated
2026-09-13|pec zwolle|feyenoord,54,6,2026-09-13,2026-09-13 14:45:00+00:00,MAC³PARK Stadion,PEC Zwolle,Feyenoord,interwetten_2026-09-09,5.5,5.0,1.47,away_win,Feyenoord,0.6062543402299357,0.23171040883588148,0.16203525093418283,market_calibrated
2026-09-13|psv|sparta rotterdam,48,6,2026-09-13,2026-09-13 18:00:00+00:00,Philips Stadion,PSV,Sparta Rotterdam,interwetten_2026-09-09,1.2,8.0,11.0,home_win,PSV,0.08365284071104914,0.14952945277100033,0.7668177065179504,market_calibrated
2026-09-15|ajax|willem ii,23,3,2026-09-15,2026-09-15 18:00:00+00:00,Johan Cruyff Arena,Ajax,Willem II,,,,,home_win,Ajax,0.06349618270795197,0.10412970696386724,0.8323741103281808,xgboost
2026-09-18|fc groningen|pec zwolle,59,7,2026-09-18,2026-09-18 18:00:00+00:00,Euroborg,FC Groningen,PEC Zwolle,,,,,home_win,FC Groningen,0.2831627245331991,0.18081669193426916,0.5360205835325317,xgboost
2026-09-19|ado den haag|sc cambuur,60,7,2026-09-19,2026-09-19 14:30:00+00:00,ADO Den Haag Stadium,ADO Den Haag,SC Cambuur,,,,,home_win,ADO Den Haag,0.2504048432089198,0.1943133879247623,0.5552817688663179,xgboost
2026-09-19|sparta rotterdam|heerenveen,61,7,2026-09-19,2026-09-19 16:45:00+00:00,Sparta Stadion Het Kasteel,Sparta Rotterdam,Heerenveen,,,,,away_win,Heerenveen,0.5876571155630672,0.20521663912383342,0.20712624531309942,xgboost
2026-09-19|ajax|excelsior,62,7,2026-09-19,2026-09-19 18:00:00+00:00,Johan Cruyff Arena,Ajax,Excelsior,,,,,home_win,Ajax,0.18148086521073767,0.29491073272814816,0.5236084020611141,xgboost
2026-09-19|willem ii|fortuna sittard,63,7,2026-09-19,2026-09-19 19:00:00+00:00,Koning Willem II Stadion,Willem II,Fortuna Sittard,,,,,away_win,Fortuna Sittard,0.5308916052483348,0.1436507501093789,0.32545764464228627,xgboost
2026-09-20|feyenoord|fc utrecht,55,7,2026-09-20,2026-09-20 10:15:00+00:00,De Kuip,Feyenoord,FC Utrecht,,,,,home_win,Feyenoord,0.1158570713840338,0.09307734598628671,0.7910655826296795,xgboost
2026-09-20|az|telstar,57,7,2026-09-20,2026-09-20 12:30:00+00:00,AFAS Stadion,AZ,Telstar,,,,,home_win,AZ,0.1293549598858575,0.0838497253765992,0.7867953147375433,xgboost
2026-09-20|fc twente|psv,58,7,2026-09-20,2026-09-20 12:30:00+00:00,De Grolsch Veste,FC Twente,PSV,,,,,away_win,PSV,0.5998451066132514,0.2146959102549266,0.18545898313182196,xgboost
2026-09-20|nec|go ahead eagles,56,7,2026-09-20,2026-09-20 14:45:00+00:00,Goffertstadion,NEC,Go Ahead Eagles,,,,,home_win,NEC,0.28770384536557375,0.15712539533244518,0.555170759301981,xgboost
2026-10-09|psv|heerenveen,67,8,2026-10-09,2026-10-09 18:00:00+00:00,Philips Stadion,PSV,Heerenveen,,,,,home_win,PSV,0.07390981958647405,0.08376368178566737,0.8423264986278586,xgboost
2026-10-10|go ahead eagles|sparta rotterdam,70,8,2026-10-10,2026-10-10 14:30:00+00:00,De Adelaarshorst,Go Ahead Eagles,Sparta Rotterdam,,,,,home_win,Go Ahead Eagles,0.27780837262940455,0.30788492871155854,0.4143066986590369,xgboost
2026-10-10|feyenoord|az,64,8,2026-10-10,2026-10-10 16:45:00+00:00,De Kuip,Feyenoord,AZ,,,,,home_win,Feyenoord,0.24239132330988014,0.220688327890388,0.5369203487997318,xgboost
2026-10-10|fortuna sittard|fc twente,72,8,2026-10-10,2026-10-10 18:00:00+00:00,Fortuna Sittard Stadion,Fortuna Sittard,FC Twente,,,,,away_win,FC Twente,0.7890206397249023,0.07950537035111113,0.1314739899239865,xgboost
2026-10-10|ajax|nec,69,8,2026-10-10,2026-10-10 19:00:00+00:00,Johan Cruyff Arena,Ajax,NEC,,,,,home_win,Ajax,0.3435634880038647,0.16794488673832775,0.48849162525780754,xgboost
2026-10-11|fc utrecht|willem ii,66,8,2026-10-11,2026-10-11 10:15:00+00:00,Stadion Galgenwaard,FC Utrecht,Willem II,,,,,home_win,FC Utrecht,0.16188923750590903,0.16155371031456597,0.676557052179525,xgboost
2026-10-11|pec zwolle|sc cambuur,68,8,2026-10-11,2026-10-11 12:30:00+00:00,MAC³PARK Stadion,PEC Zwolle,SC Cambuur,,,,,home_win,PEC Zwolle,0.2324687195899251,0.2185082903245122,0.5490229900855628,xgboost
2026-10-11|telstar|ado den haag,71,8,2026-10-11,2026-10-11 12:30:00+00:00,Sportpark Schoonenberg,Telstar,ADO Den Haag,,,,,home_win,Telstar,0.2673616707923225,0.23576330514958896,0.4968750240580886,xgboost
2026-10-11|excelsior|fc groningen,65,8,2026-10-11,2026-10-11 14:45:00+00:00,Stadion Woudestein,Excelsior,FC Groningen,,,,,away_win,FC Groningen,0.6260506726055528,0.18853990250929256,0.18540942488515466,xgboost
2026-10-16|heerenveen|excelsior,74,9,2026-10-16,2026-10-16 18:00:00+00:00,Abe Lenstra Stadion,Heerenveen,Excelsior,,,,,home_win,Heerenveen,0.3352189898932335,0.2668764287856449,0.39790458132112166,xgboost
2026-10-17|ado den haag|psv,81,9,2026-10-17,2026-10-17 14:30:00+00:00,ADO Den Haag Stadium,ADO Den Haag,PSV,,,,,away_win,PSV,0.8285724242319992,0.0913649990166289,0.08006257675137196,xgboost
2026-10-17|telstar|feyenoord,79,9,2026-10-17,2026-10-17 18:00:00+00:00,Sportpark Schoonenberg,Telstar,Feyenoord,,,,,away_win,Feyenoord,0.8863947116741024,0.06317671274445609,0.050428575581441516,xgboost
2026-10-17|sparta rotterdam|willem ii,73,9,2026-10-17,2026-10-17 19:00:00+00:00,Sparta Stadion Het Kasteel,Sparta Rotterdam,Willem II,,,,,home_win,Sparta Rotterdam,0.14258934376572197,0.24028347915553688,0.6171271770787412,xgboost
2026-10-18|pec zwolle|go ahead eagles,80,9,2026-10-18,2026-10-18 10:15:00+00:00,MAC³PARK Stadion,PEC Zwolle,Go Ahead Eagles,,,,,away_win,Go Ahead Eagles,0.4873221911428271,0.160350805055473,0.3523270038016999,xgboost
2026-10-18|sc cambuur|az,76,9,2026-10-18,2026-10-18 12:30:00+00:00,Kooi Stadion,SC Cambuur,AZ,,,,,away_win,AZ,0.8858505218454371,0.049571589320358184,0.06457788883420472,xgboost
2026-10-18|fc groningen|ajax,77,9,2026-10-18,2026-10-18 14:45:00+00:00,Euroborg,FC Groningen,Ajax,,,,,away_win,Ajax,0.6209006065735606,0.19797711546886598,0.18112227795757338,xgboost
2026-10-18|nec|fortuna sittard,75,9,2026-10-18,2026-10-18 18:00:00+00:00,Goffertstadion,NEC,Fortuna Sittard,,,,,home_win,NEC,0.19327757537996007,0.19022718294510824,0.6164952416749316,xgboost
2026-10-18|fc twente|fc utrecht,78,9,2026-10-18,2026-10-18 18:00:00+00:00,De Grolsch Veste,FC Twente,FC Utrecht,,,,,home_win,FC Twente,0.15357655410127347,0.1278577604253878,0.7185656854733388,xgboost
2026-10-23|go ahead eagles|telstar,86,10,2026-10-23,2026-10-23 18:00:00+00:00,De Adelaarshorst,Go Ahead Eagles,Telstar,,,,,home_win,Go Ahead Eagles,0.3181069656648614,0.20630977682109755,0.47558325751404107,xgboost
2026-10-24|fc utrecht|pec zwolle,89,10,2026-10-24,2026-10-24 14:30:00+00:00,Stadion Galgenwaard,FC Utrecht,PEC Zwolle,,,,,home_win,FC Utrecht,0.2293503283373589,0.19457375309731484,0.5760759185653263,xgboost
2026-10-24|willem ii|sc cambuur,90,10,2026-10-24,2026-10-24 16:45:00+00:00,Koning Willem II Stadion,Willem II,SC Cambuur,,,,,home_win,Willem II,0.27006189360107746,0.20414995475989034,0.5257881516390321,xgboost
2026-10-24|ado den haag|heerenveen,84,10,2026-10-24,2026-10-24 19:00:00+00:00,ADO Den Haag Stadium,ADO Den Haag,Heerenveen,,,,,away_win,Heerenveen,0.567804095515692,0.1947165574117683,0.2374793470725397,xgboost
2026-10-25|fortuna sittard|excelsior,85,10,2026-10-25,2026-10-25 11:15:00+00:00,Fortuna Sittard Stadion,Fortuna Sittard,Excelsior,,,,,away_win,Excelsior,0.5732767229744279,0.14430738267596044,0.2824158943496116,xgboost
2026-10-25|nec|fc groningen,82,10,2026-10-25,2026-10-25 13:30:00+00:00,Goffertstadion,NEC,FC Groningen,,,,,home_win,NEC,0.3699855476466039,0.17611085983368252,0.4539035925197136,xgboost
2026-10-25|psv|feyenoord,88,10,2026-10-25,2026-10-25 13:30:00+00:00,Philips Stadion,PSV,Feyenoord,,,,,home_win,PSV,0.3605712470939576,0.22043030205948821,0.4189984508465541,xgboost
2026-10-25|sparta rotterdam|ajax,83,10,2026-10-25,2026-10-25 15:45:00+00:00,Sparta Stadion Het Kasteel,Sparta Rotterdam,Ajax,,,,,away_win,Ajax,0.7592574335917217,0.09919078277379065,0.1415517836344876,xgboost
2026-10-25|az|fc twente,87,10,2026-10-25,2026-10-25 19:00:00+00:00,AFAS Stadion,AZ,FC Twente,,,,,away_win,FC Twente,0.42620921502374676,0.18898124290414736,0.3848095420721059,xgboost
2026-10-31|feyenoord|fortuna sittard,92,11,2026-10-31,2026-10-31 15:30:00+00:00,De Kuip,Feyenoord,Fortuna Sittard,,,,,home_win,Feyenoord,0.1326920268352726,0.1754278538825137,0.6918801192822137,xgboost
2026-10-31|heerenveen|nec,96,11,2026-10-31,2026-10-31 17:45:00+00:00,Abe Lenstra Stadion,Heerenveen,NEC,,,,,away_win,NEC,0.5719732792168802,0.14001607552280473,0.28801064526031506,xgboost
2026-10-31|psv|willem ii,98,11,2026-10-31,2026-10-31 17:45:00+00:00,Philips Stadion,PSV,Willem II,,,,,home_win,PSV,0.022219501812289818,0.05403814199288357,0.9237423561948266,xgboost
2026-10-31|ajax|az,91,11,2026-10-31,2026-10-31 20:00:00+00:00,Johan Cruyff Arena,Ajax,AZ,,,,,away_win,AZ,0.47283874839917933,0.1712165691367424,0.3559446824640783,xgboost
2026-10-31|sc cambuur|go ahead eagles,93,11,2026-10-31,2026-10-31 20:00:00+00:00,Kooi Stadion,SC Cambuur,Go Ahead Eagles,,,,,away_win,Go Ahead Eagles,0.7225054961851595,0.14231286716762667,0.13518163664721383,xgboost
2026-11-01|pec zwolle|ado den haag,97,11,2026-11-01,2026-11-01 11:15:00+00:00,MAC³PARK Stadion,PEC Zwolle,ADO Den Haag,,,,,home_win,PEC Zwolle,0.21429908659996696,0.2185505370324487,0.5671503763675844,xgboost
2026-11-01|telstar|fc utrecht,95,11,2026-11-01,2026-11-01 13:30:00+00:00,Sportpark Schoonenberg,Telstar,FC Utrecht,,,,,away_win,FC Utrecht,0.492394548262506,0.1986381829365607,0.3089672688009333,xgboost
2026-11-01|excelsior|fc twente,99,11,2026-11-01,2026-11-01 13:30:00+00:00,Stadion Woudestein,Excelsior,FC Twente,,,,,away_win,FC Twente,0.7242109905476273,0.1561602376016171,0.11962877185075564,xgboost
2026-11-01|fc groningen|sparta rotterdam,94,11,2026-11-01,2026-11-01 15:45:00+00:00,Euroborg,FC Groningen,Sparta Rotterdam,,,,,home_win,FC Groningen,0.3481131001668516,0.266893383143552,0.3849935166895964,xgboost
2026-11-06|willem ii|pec zwolle,107,12,2026-11-06,2026-11-06 19:00:00+00:00,Koning Willem II Stadion,Willem II,PEC Zwolle,,,,,home_win,Willem II,0.375926394115827,0.15140409258522414,0.47266951329894885,xgboost
2026-11-07|fortuna sittard|telstar,106,12,2026-11-07,2026-11-07 15:30:00+00:00,Fortuna Sittard Stadion,Fortuna Sittard,Telstar,,,,,away_win,Telstar,0.5233042835531524,0.16869564675419454,0.30800006969265303,xgboost
2026-11-07|ado den haag|sparta rotterdam,104,12,2026-11-07,2026-11-07 17:45:00+00:00,ADO Den Haag Stadium,ADO Den Haag,Sparta Rotterdam,,,,,away_win,Sparta Rotterdam,0.4570605286221788,0.25757649097173896,0.28536298040608227,xgboost
2026-11-07|excelsior|go ahead eagles,105,12,2026-11-07,2026-11-07 20:00:00+00:00,Stadion Woudestein,Excelsior,Go Ahead Eagles,,,,,away_win,Go Ahead Eagles,0.5376645319126444,0.17938367517223494,0.2829517929151206,xgboost
2026-11-08|heerenveen|feyenoord,102,12,2026-11-08,2026-11-08 11:15:00+00:00,Abe Lenstra Stadion,Heerenveen,Feyenoord,,,,,away_win,Feyenoord,0.6710124525977945,0.18400356896583292,0.1449839784363726,xgboost
2026-11-08|fc twente|ajax,108,12,2026-11-08,2026-11-08 13:30:00+00:00,De Grolsch Veste,FC Twente,Ajax,,,,,away_win,Ajax,0.48818662821439024,0.20995329728275636,0.3018600745028534,xgboost
2026-11-08|sc cambuur|psv,101,12,2026-11-08,2026-11-08 15:45:00+00:00,Kooi Stadion,SC Cambuur,PSV,,,,,away_win,PSV,0.9042168299291226,0.050469943749881944,0.04531322632099554,xgboost
2026-11-08|az|fc groningen,103,12,2026-11-08,2026-11-08 15:45:00+00:00,AFAS Stadion,AZ,FC Groningen,,,,,home_win,AZ,0.19266671027105584,0.09182549928881283,0.7155077904401314,xgboost
2026-11-08|fc utrecht|nec,100,12,2026-11-08,2026-11-08 19:00:00+00:00,Stadion Galgenwaard,FC Utrecht,NEC,,,,,away_win,NEC,0.6146758076708375,0.08147314325490018,0.3038510490742623,xgboost
2026-11-21|nec|psv,110,13,2026-11-21,2026-11-21 15:30:00+00:00,Goffertstadion,NEC,PSV,,,,,away_win,PSV,0.7503138933185715,0.1608301911358531,0.08885591554557545,xgboost
2026-11-21|feyenoord|excelsior,111,13,2026-11-21,2026-11-21 17:45:00+00:00,De Kuip,Feyenoord,Excelsior,,,,,home_win,Feyenoord,0.14137603703572008,0.24660159323712375,0.6120223697271562,xgboost
2026-11-21|fc utrecht|sc cambuur,116,13,2026-11-21,2026-11-21 17:45:00+00:00,Stadion Galgenwaard,FC Utrecht,SC Cambuur,,,,,home_win,FC Utrecht,0.12275393803960168,0.16863824205453237,0.708607819905866,xgboost
2026-11-21|telstar|pec zwolle,112,13,2026-11-21,2026-11-21 20:00:00+00:00,Sportpark Schoonenberg,Telstar,PEC Zwolle,,,,,home_win,Telstar,0.37823875915886407,0.19841098577196575,0.4233502550691702,xgboost
2026-11-21|fc groningen|heerenveen,113,13,2026-11-21,2026-11-21 20:00:00+00:00,Euroborg,FC Groningen,Heerenveen,,,,,away_win,Heerenveen,0.541111559881982,0.19325174370666923,0.26563669641134874,xgboost
2026-11-22|fc twente|willem ii,117,13,2026-11-22,2026-11-22 11:15:00+00:00,De Grolsch Veste,FC Twente,Willem II,,,,,home_win,FC Twente,0.023276510113765244,0.062032468280253016,0.9146910216059817,xgboost
2026-11-22|ajax|ado den haag,109,13,2026-11-22,2026-11-22 13:30:00+00:00,Johan Cruyff Arena,Ajax,ADO Den Haag,,,,,home_win,Ajax,0.06016985131831723,0.08869884334110315,0.8511313053405797,xgboost
2026-11-22|sparta rotterdam|az,115,13,2026-11-22,2026-11-22 13:30:00+00:00,Sparta Stadion Het Kasteel,Sparta Rotterdam,AZ,,,,,away_win,AZ,0.8259006610879019,0.08174910315040806,0.09235023576168996,xgboost
2026-11-22|go ahead eagles|fortuna sittard,114,13,2026-11-22,2026-11-22 15:45:00+00:00,De Adelaarshorst,Go Ahead Eagles,Fortuna Sittard,,,,,home_win,Go Ahead Eagles,0.2718286952384876,0.22011012889487494,0.5080611758666375,xgboost
2026-11-27|fc groningen|willem ii,120,14,2026-11-27,2026-11-27 19:00:00+00:00,Euroborg,FC Groningen,Willem II,,,,,home_win,FC Groningen,0.14041116684505822,0.13845976420513761,0.7211290689498042,xgboost
2026-11-28|excelsior|telstar,121,14,2026-11-28,2026-11-28 15:30:00+00:00,Stadion Woudestein,Excelsior,Telstar,,,,,home_win,Excelsior,0.3899766285556413,0.2124512329001158,0.3975721385442429,xgboost
2026-11-28|psv|go ahead eagles,125,14,2026-11-28,2026-11-28 17:45:00+00:00,Philips Stadion,PSV,Go Ahead Eagles,,,,,home_win,PSV,0.11189963739624668,0.1288632457868662,0.7592371168168871,xgboost
2026-11-28|sc cambuur|sparta rotterdam,124,14,2026-11-28,2026-11-28 20:00:00+00:00,Kooi Stadion,SC Cambuur,Sparta Rotterdam,,,,,away_win,Sparta Rotterdam,0.4651826497242309,0.28481735843370065,0.24999999184206845,xgboost
2026-11-29|ado den haag|fc utrecht,126,14,2026-11-29,2026-11-29 11:15:00+00:00,ADO Den Haag Stadium,ADO Den Haag,FC Utrecht,,,,,away_win,FC Utrecht,0.597892989226289,0.17148805952296692,0.23061895125074414,xgboost
2026-11-29|fortuna sittard|heerenveen,119,14,2026-11-29,2026-11-29 13:30:00+00:00,Fortuna Sittard Stadion,Fortuna Sittard,Heerenveen,,,,,away_win,Heerenveen,0.6943814958706422,0.10956910616622262,0.19604939796313517,xgboost
2026-11-29|feyenoord|ajax,122,14,2026-11-29,2026-11-29 13:30:00+00:00,De Kuip,Feyenoord,Ajax,,,,,away_win,Ajax,0.3801502041414962,0.243377995390662,0.3764718004678418,xgboost
2026-11-29|pec zwolle|az,118,14,2026-11-29,2026-11-29 15:45:00+00:00,MAC³PARK Stadion,PEC Zwolle,AZ,,,,,away_win,AZ,0.8641365898942485,0.0751560195035377,0.06070739060221384,xgboost
2026-11-29|nec|fc twente,123,14,2026-11-29,2026-11-29 19:00:00+00:00,Goffertstadion,NEC,FC Twente,,,,,away_win,FC Twente,0.5647782226470657,0.18958599101183915,0.24563578634109515,xgboost
2026-12-04|telstar|fc groningen,131,15,2026-12-04,2026-12-04 19:00:00+00:00,Sportpark Schoonenberg,Telstar,FC Groningen,,,,,away_win,FC Groningen,0.7171276205658843,0.13464988004385534,0.14822249939026033,xgboost
2026-12-05|willem ii|feyenoord,128,15,2026-12-05,2026-12-05 15:30:00+00:00,Koning Willem II Stadion,Willem II,Feyenoord,,,,,away_win,Feyenoord,0.8263803685040408,0.09755752076177973,0.07606211073417941,xgboost
2026-12-05|sparta rotterdam|nec,135,15,2026-12-05,2026-12-05 17:45:00+00:00,Sparta Stadion Het Kasteel,Sparta Rotterdam,NEC,,,,,away_win,NEC,0.7061247706286999,0.11233830152339738,0.18153692784790273,xgboost
2026-12-05|az|psv,129,15,2026-12-05,2026-12-05 19:00:00+00:00,AFAS Stadion,AZ,PSV,,,,,away_win,PSV,0.6101520562384435,0.21385828038670396,0.17598966337485256,xgboost
2026-12-05|fortuna sittard|pec zwolle,134,15,2026-12-05,2026-12-05 20:00:00+00:00,Fortuna Sittard Stadion,Fortuna Sittard,PEC Zwolle,,,,,home_win,Fortuna Sittard,0.3873985521834906,0.1788720220618681,0.4337294257546413,xgboost
2026-12-06|heerenveen|sc cambuur,132,15,2026-12-06,2026-12-06 11:15:00+00:00,Abe Lenstra Stadion,Heerenveen,SC Cambuur,,,,,home_win,Heerenveen,0.11170615990187682,0.17715780605030837,0.7111360340478148,xgboost
2026-12-06|ajax|fc utrecht,127,15,2026-12-06,2026-12-06 13:30:00+00:00,Johan Cruyff Arena,Ajax,FC Utrecht,,,,,home_win,Ajax,0.16014162597881437,0.14982250090428098,0.6900358731169046,xgboost
2026-12-06|go ahead eagles|fc twente,133,15,2026-12-06,2026-12-06 13:30:00+00:00,De Adelaarshorst,Go Ahead Eagles,FC Twente,,,,,away_win,FC Twente,0.5615525079788706,0.24949385488981843,0.18895363713131097,xgboost
2026-12-06|ado den haag|excelsior,130,15,2026-12-06,2026-12-06 15:45:00+00:00,ADO Den Haag Stadium,ADO Den Haag,Excelsior,,,,,away_win,Excelsior,0.4240698237147621,0.27842100577624457,0.29750917050899334,xgboost
2026-12-12|fc utrecht|fortuna sittard,140,16,2026-12-12,2026-12-12 15:30:00+00:00,Stadion Galgenwaard,FC Utrecht,Fortuna Sittard,,,,,home_win,FC Utrecht,0.29305525298295265,0.1492957977153938,0.5576489493016535,xgboost
2026-12-12|heerenveen|go ahead eagles,142,16,2026-12-12,2026-12-12 17:45:00+00:00,Abe Lenstra Stadion,Heerenveen,Go Ahead Eagles,,,,,home_win,Heerenveen,0.36500850517625705,0.1745015526157689,0.460489942207974,xgboost
2026-12-12|pec zwolle|excelsior,141,16,2026-12-12,2026-12-12 20:00:00+00:00,MAC³PARK Stadion,PEC Zwolle,Excelsior,,,,,away_win,Excelsior,0.5576828977966807,0.25584283921671697,0.18647426298660233,xgboost
2026-12-13|psv|telstar,139,16,2026-12-13,2026-12-13 11:15:00+00:00,Philips Stadion,PSV,Telstar,,,,,home_win,PSV,0.05566134413954006,0.07881351468342566,0.8655251411770343,xgboost
2026-12-13|willem ii|ado den haag,138,16,2026-12-13,2026-12-13 13:30:00+00:00,Koning Willem II Stadion,Willem II,ADO Den Haag,,,,,home_win,Willem II,0.40242755807005126,0.17606325560712335,0.42150918632282536,xgboost
2026-12-13|fc groningen|feyenoord,144,16,2026-12-13,2026-12-13 13:30:00+00:00,Euroborg,FC Groningen,Feyenoord,,,,,away_win,Feyenoord,0.665264286062298,0.18861554810644823,0.14612016583125373,xgboost
2026-12-13|az|nec,136,16,2026-12-13,2026-12-13 15:45:00+00:00,AFAS Stadion,AZ,NEC,,,,,home_win,AZ,0.29437362311564985,0.13489888366872685,0.5707274932156233,xgboost
2026-12-13|ajax|sc cambuur,137,16,2026-12-13,2026-12-13 19:00:00+00:00,Johan Cruyff Arena,Ajax,SC Cambuur,,,,,home_win,Ajax,0.0686819063680983,0.1178874572711867,0.813430636360715,xgboost
2026-12-18|telstar|willem ii,151,17,2026-12-18,2026-12-18 19:00:00+00:00,Sportpark Schoonenberg,Telstar,Willem II,,,,,home_win,Telstar,0.2528128863953379,0.24224764673372268,0.5049394668709394,xgboost
2026-12-19|excelsior|az,153,17,2026-12-19,2026-12-19 15:30:00+00:00,Stadion Woudestein,Excelsior,AZ,,,,,away_win,AZ,0.7147757854597427,0.16976476666866988,0.11545944787158736,xgboost
2026-12-19|fortuna sittard|sparta rotterdam,145,17,2026-12-19,2026-12-19 17:45:00+00:00,Fortuna Sittard Stadion,Fortuna Sittard,Sparta Rotterdam,,,,,home_win,Fortuna Sittard,0.3299293204723031,0.24216887135224766,0.42790180817544926,xgboost
2026-12-19|fc utrecht|heerenveen,149,17,2026-12-19,2026-12-19 20:00:00+00:00,Stadion Galgenwaard,FC Utrecht,Heerenveen,,,,,home_win,FC Utrecht,0.3440135075289011,0.20470696406209404,0.45127952840900487,xgboost
2026-12-20|nec|ado den haag,152,17,2026-12-20,2026-12-20 11:15:00+00:00,Goffertstadion,NEC,ADO Den Haag,,,,,home_win,NEC,0.11913096252852332,0.15300139810790883,0.7278676393635678,xgboost
2026-12-20|sc cambuur|fc groningen,147,17,2026-12-20,2026-12-20 13:30:00+00:00,Kooi Stadion,SC Cambuur,FC Groningen,,,,,away_win,FC Groningen,0.7586694018131779,0.10385315967478642,0.13747743851203564,xgboost
2026-12-20|feyenoord|fc twente,148,17,2026-12-20,2026-12-20 13:30:00+00:00,De Kuip,Feyenoord,FC Twente,,,,,home_win,Feyenoord,0.23539533126666135,0.2713722366740203,0.4932324320593184,xgboost
2026-12-20|go ahead eagles|ajax,146,17,2026-12-20,2026-12-20 15:45:00+00:00,De Adelaarshorst,Go Ahead Eagles,Ajax,,,,,away_win,Ajax,0.6196444509321316,0.2220412226138956,0.15831432645397275,xgboost
2026-12-20|psv|pec zwolle,150,17,2026-12-20,2026-12-20 19:00:00+00:00,Philips Stadion,PSV,PEC Zwolle,,,,,home_win,PSV,0.02641460910052044,0.04664064377142984,0.9269447471280498,xgboost
2027-01-08|fc twente|fortuna sittard,155,18,2027-01-08,2027-01-08 19:00:00+00:00,De Grolsch Veste,FC Twente,Fortuna Sittard,,,,,home_win,FC Twente,0.14069329541708125,0.18124665619667008,0.6780600483862487,xgboost
2027-01-09|sparta rotterdam|excelsior,160,18,2027-01-09,2027-01-09 15:30:00+00:00,Sparta Stadion Het Kasteel,Sparta Rotterdam,Excelsior,,,,,away_win,Excelsior,0.4628116689974749,0.2667975019586026,0.27039082904392253,xgboost
2027-01-09|pec zwolle|fc utrecht,162,18,2027-01-09,2027-01-09 17:45:00+00:00,MAC³PARK Stadion,PEC Zwolle,FC Utrecht,,,,,away_win,FC Utrecht,0.5744125194850679,0.18907579268184746,0.23651168783308463,xgboost
2027-01-09|willem ii|ajax,156,18,2027-01-09,2027-01-09 19:00:00+00:00,Koning Willem II Stadion,Willem II,Ajax,,,,,away_win,Ajax,0.8262891799521825,0.08228172178513703,0.09142909826268049,xgboost
2027-01-09|az|heerenveen,157,18,2027-01-09,2027-01-09 20:00:00+00:00,AFAS Stadion,AZ,Heerenveen,,,,,home_win,AZ,0.21887957836682848,0.06915554988996203,0.7119648717432095,xgboost
2027-01-10|nec|sc cambuur,161,18,2027-01-10,2027-01-10 11:15:00+00:00,Goffertstadion,NEC,SC Cambuur,,,,,home_win,NEC,0.081853116882642,0.10289676769979343,0.8152501154175645,xgboost
2027-01-10|ado den haag|telstar,154,18,2027-01-10,2027-01-10 13:30:00+00:00,ADO Den Haag Stadium,ADO Den Haag,Telstar,,,,,away_win,Telstar,0.4351690692014919,0.18702513853585787,0.37780579226265026,xgboost
2027-01-10|feyenoord|psv,159,18,2027-01-10,2027-01-10 13:30:00+00:00,De Kuip,Feyenoord,PSV,,,,,away_win,PSV,0.4776468203619071,0.2879997317032953,0.23435344793479762,xgboost
2027-01-10|fc groningen|go ahead eagles,158,18,2027-01-10,2027-01-10 15:45:00+00:00,Euroborg,FC Groningen,Go Ahead Eagles,,,,,away_win,Go Ahead Eagles,0.42347576801641956,0.17239448859264947,0.404129743390931,xgboost
2027-01-15|heerenveen|sparta rotterdam,169,19,2027-01-15,2027-01-15 19:00:00+00:00,Abe Lenstra Stadion,Heerenveen,Sparta Rotterdam,,,,,home_win,Heerenveen,0.3252257740595705,0.24623885117482358,0.42853537476560594,xgboost
2027-01-16|telstar|nec,170,19,2027-01-16,2027-01-16 15:30:00+00:00,Sportpark Schoonenberg,Telstar,NEC,,,,,away_win,NEC,0.8267438911083153,0.07945624151337417,0.09379986737831056,xgboost
2027-01-16|excelsior|feyenoord,165,19,2027-01-16,2027-01-16 17:45:00+00:00,Stadion Woudestein,Excelsior,Feyenoord,,,,,away_win,Feyenoord,0.7649650037340396,0.13969834885463134,0.09533664741132898,xgboost
2027-01-16|ado den haag|pec zwolle,167,19,2027-01-16,2027-01-16 19:00:00+00:00,ADO Den Haag Stadium,ADO Den Haag,PEC Zwolle,,,,,home_win,ADO Den Haag,0.4025720792419037,0.16881605301545832,0.428611867742638,xgboost
2027-01-16|fortuna sittard|psv,163,19,2027-01-16,2027-01-16 20:00:00+00:00,Fortuna Sittard Stadion,Fortuna Sittard,PSV,,,,,away_win,PSV,0.8746910154581591,0.06558038249335545,0.05972860204848546,xgboost
2027-01-17|fc utrecht|fc twente,164,19,2027-01-17,2027-01-17 11:15:00+00:00,Stadion Galgenwaard,FC Utrecht,FC Twente,,,,,away_win,FC Twente,0.6687589545904962,0.1134041962679994,0.21783684914150445,xgboost
2027-01-17|ajax|fc groningen,166,19,2027-01-17,2027-01-17 13:30:00+00:00,Johan Cruyff Arena,Ajax,FC Groningen,,,,,home_win,Ajax,0.2717639369559036,0.1646493198093171,0.5635867432347793,xgboost
2027-01-17|go ahead eagles|az,168,19,2027-01-17,2027-01-17 13:30:00+00:00,De Adelaarshorst,Go Ahead Eagles,AZ,,,,,away_win,AZ,0.6290283890149583,0.22683575916837873,0.14413585181666297,xgboost
2027-01-17|sc cambuur|willem ii,171,19,2027-01-17,2027-01-17 15:45:00+00:00,Kooi Stadion,SC Cambuur,Willem II,,,,,away_win,Willem II,0.4098150427288069,0.2099155717193321,0.38026938555186096,xgboost
2027-01-22|excelsior|fortuna sittard,175,20,2027-01-22,2027-01-22 19:00:00+00:00,Stadion Woudestein,Excelsior,Fortuna Sittard,,,,,home_win,Excelsior,0.35736811763889564,0.20290254422685164,0.43972933813425275,xgboost
2027-01-23|ajax|telstar,177,20,2027-01-23,2027-01-23 15:30:00+00:00,Johan Cruyff Arena,Ajax,Telstar,,,,,home_win,Ajax,0.19908359939051445,0.1373050467451639,0.6636113538643217,xgboost
2027-01-23|feyenoord|pec zwolle,172,20,2027-01-23,2027-01-23 17:45:00+00:00,De Kuip,Feyenoord,PEC Zwolle,,,,,home_win,Feyenoord,0.05711110525609863,0.10202546837981251,0.8408634263640888,xgboost
2027-01-23|fc twente|heerenveen,180,20,2027-01-23,2027-01-23 19:00:00+00:00,De Grolsch Veste,FC Twente,Heerenveen,,,,,home_win,FC Twente,0.20529414768641843,0.18918254310010685,0.6055233092134747,xgboost
2027-01-23|psv|ado den haag,176,20,2027-01-23,2027-01-23 20:00:00+00:00,Philips Stadion,PSV,ADO Den Haag,,,,,home_win,PSV,0.0297238749577511,0.055305290674893745,0.9149708343673552,xgboost
2027-01-24|go ahead eagles|sc cambuur,173,20,2027-01-24,2027-01-24 11:15:00+00:00,De Adelaarshorst,Go Ahead Eagles,SC Cambuur,,,,,home_win,Go Ahead Eagles,0.08968068220295669,0.1350254691855894,0.7752938486114539,xgboost
2027-01-24|sparta rotterdam|fc groningen,174,20,2027-01-24,2027-01-24 13:30:00+00:00,Sparta Stadion Het Kasteel,Sparta Rotterdam,FC Groningen,,,,,away_win,FC Groningen,0.5191779333667721,0.19039874544677998,0.2904233211864479,xgboost
2027-01-24|nec|willem ii,178,20,2027-01-24,2027-01-24 13:30:00+00:00,Goffertstadion,NEC,Willem II,,,,,home_win,NEC,0.08602271299610885,0.107788634155113,0.8061886528487782,xgboost
2027-01-24|az|fc utrecht,179,20,2027-01-24,2027-01-24 15:45:00+00:00,AFAS Stadion,AZ,FC Utrecht,,,,,home_win,AZ,0.16139566157145682,0.10376710557972516,0.7348372328488181,xgboost
2027-01-29|fc utrecht|excelsior,189,21,2027-01-29,2027-01-29 19:00:00+00:00,Stadion Galgenwaard,FC Utrecht,Excelsior,,,,,home_win,FC Utrecht,0.31501791635160525,0.2081382119827206,0.4768438716656741,xgboost
2027-01-30|sparta rotterdam|telstar,183,21,2027-01-30,2027-01-30 15:30:00+00:00,Sparta Stadion Het Kasteel,Sparta Rotterdam,Telstar,,,,,home_win,Sparta Rotterdam,0.3692980099570709,0.2402452527260335,0.3904567373168956,xgboost
2027-01-30|ado den haag|go ahead eagles,182,21,2027-01-30,2027-01-30 17:45:00+00:00,ADO Den Haag Stadium,ADO Den Haag,Go Ahead Eagles,,,,,away_win,Go Ahead Eagles,0.5216791721570698,0.17136926277917816,0.30695156506375204,xgboost
2027-01-30|willem ii|psv,187,21,2027-01-30,2027-01-30 19:00:00+00:00,Koning Willem II Stadion,Willem II,PSV,,,,,away_win,PSV,0.858043778473612,0.07971376799962722,0.062242453526760735,xgboost
2027-01-30|pec zwolle|fortuna sittard,186,21,2027-01-30,2027-01-30 20:00:00+00:00,MAC³PARK Stadion,PEC Zwolle,Fortuna Sittard,,,,,away_win,Fortuna Sittard,0.48769722083671835,0.16586134990446824,0.34644142925881344,xgboost
2027-01-31|heerenveen|ajax,188,21,2027-01-31,2027-01-31 11:15:00+00:00,Abe Lenstra Stadion,Heerenveen,Ajax,,,,,away_win,Ajax,0.6399934175381986,0.11846898933603162,0.24153759312576983,xgboost
2027-01-31|fc twente|sc cambuur,184,21,2027-01-31,2027-01-31 13:30:00+00:00,De Grolsch Veste,FC Twente,SC Cambuur,,,,,home_win,FC Twente,0.032414693334947,0.07812086298987993,0.8894644436751731,xgboost
2027-01-31|az|feyenoord,185,21,2027-01-31,2027-01-31 13:30:00+00:00,AFAS Stadion,AZ,Feyenoord,,,,,away_win,Feyenoord,0.6228446621655878,0.1812362998643223,0.19591903797008994,xgboost
2027-01-31|fc groningen|nec,181,21,2027-01-31,2027-01-31 15:45:00+00:00,Euroborg,FC Groningen,NEC,,,,,away_win,NEC,0.5795153526472717,0.17582000833097,0.24466463902175833,xgboost
2027-02-06|fc twente|sparta rotterdam,143,16,2027-02-06,2027-02-06 00:00:00+00:00,De Grolsch Veste,FC Twente,Sparta Rotterdam,,,,,home_win,FC Twente,0.12034644490231872,0.14920960583264853,0.7304439492650328,xgboost
2027-02-13|sc cambuur|fc utrecht,190,22,2027-02-13,2027-02-13 00:00:00+00:00,Kooi Stadion,SC Cambuur,FC Utrecht,,,,,away_win,FC Utrecht,0.6105038775568038,0.18557441494635532,0.20392170749684083,xgboost
2027-02-13|telstar|heerenveen,191,22,2027-02-13,2027-02-13 00:00:00+00:00,Sportpark Schoonenberg,Telstar,Heerenveen,,,,,away_win,Heerenveen,0.6783082435794388,0.15233014675716636,0.16936160966339484,xgboost
2027-02-13|psv|fc twente,192,22,2027-02-13,2027-02-13 00:00:00+00:00,Philips Stadion,PSV,FC Twente,,,,,home_win,PSV,0.25629434784281024,0.12846173859197654,0.6152439135652132,xgboost
2027-02-13|feyenoord|nec,193,22,2027-02-13,2027-02-13 00:00:00+00:00,De Kuip,Feyenoord,NEC,,,,,home_win,Feyenoord,0.21596252899163068,0.17150388992922994,0.6125335810791394,xgboost
2027-02-13|willem ii|sparta rotterdam,194,22,2027-02-13,2027-02-13 00:00:00+00:00,Koning Willem II Stadion,Willem II,Sparta Rotterdam,,,,,away_win,Sparta Rotterdam,0.45753069367829036,0.24639779657225652,0.2960715097494531,xgboost
2027-02-13|fortuna sittard|ado den haag,195,22,2027-02-13,2027-02-13 00:00:00+00:00,Fortuna Sittard Stadion,Fortuna Sittard,ADO Den Haag,,,,,home_win,Fortuna Sittard,0.29565097417211217,0.14060399197829096,0.5637450338495968,xgboost
2027-02-13|fc groningen|az,196,22,2027-02-13,2027-02-13 00:00:00+00:00,Euroborg,FC Groningen,AZ,,,,,away_win,AZ,0.62774712465028,0.1750105532874871,0.1972423220622329,xgboost
2027-02-13|go ahead eagles|pec zwolle,197,22,2027-02-13,2027-02-13 00:00:00+00:00,De Adelaarshorst,Go Ahead Eagles,PEC Zwolle,,,,,home_win,Go Ahead Eagles,0.19388335452743524,0.150648485997462,0.6554681594751027,xgboost
2027-02-13|excelsior|ajax,198,22,2027-02-13,2027-02-13 00:00:00+00:00,Stadion Woudestein,Excelsior,Ajax,,,,,away_win,Ajax,0.807276665982986,0.10257399136161344,0.09014934265540059,xgboost
2027-02-20|feyenoord|telstar,199,23,2027-02-20,2027-02-20 00:00:00+00:00,De Kuip,Feyenoord,Telstar,,,,,home_win,Feyenoord,0.08858380800157735,0.10508347291124778,0.8063327190871749,xgboost
2027-02-20|fc utrecht|ado den haag,200,23,2027-02-20,2027-02-20 00:00:00+00:00,Stadion Galgenwaard,FC Utrecht,ADO Den Haag,,,,,home_win,FC Utrecht,0.1449064912249899,0.15750917738643552,0.6975843313885746,xgboost
2027-02-20|ajax|go ahead eagles,201,23,2027-02-20,2027-02-20 00:00:00+00:00,Johan Cruyff Arena,Ajax,Go Ahead Eagles,,,,,home_win,Ajax,0.20695926938681966,0.15579915361375746,0.6372415769994229,xgboost
2027-02-20|psv|sc cambuur,202,23,2027-02-20,2027-02-20 00:00:00+00:00,Philips Stadion,PSV,SC Cambuur,,,,,home_win,PSV,0.02563136436755139,0.05713264846890285,0.9172359871635458,xgboost
2027-02-20|heerenveen|willem ii,203,23,2027-02-20,2027-02-20 00:00:00+00:00,Abe Lenstra Stadion,Heerenveen,Willem II,,,,,home_win,Heerenveen,0.14083262822399178,0.1615729639022596,0.6975944078737486,xgboost
2027-02-20|nec|sparta rotterdam,204,23,2027-02-20,2027-02-20 00:00:00+00:00,Goffertstadion,NEC,Sparta Rotterdam,,,,,home_win,NEC,0.24121380153651611,0.3056870846137347,0.45309911384974916,xgboost
2027-02-20|fc twente|excelsior,205,23,2027-02-20,2027-02-20 00:00:00+00:00,De Grolsch Veste,FC Twente,Excelsior,,,,,home_win,FC Twente,0.10223944287669211,0.24451720822210954,0.6532433489011984,xgboost
2027-02-20|az|fortuna sittard,206,23,2027-02-20,2027-02-20 00:00:00+00:00,AFAS Stadion,AZ,Fortuna Sittard,,,,,home_win,AZ,0.12766628642877076,0.08695058968242729,0.7853831238888019,xgboost
2027-02-20|pec zwolle|fc groningen,207,23,2027-02-20,2027-02-20 00:00:00+00:00,MAC³PARK Stadion,PEC Zwolle,FC Groningen,,,,,away_win,FC Groningen,0.6154895968844835,0.14560574370193796,0.23890465941357855,xgboost
2027-02-27|ajax|feyenoord,208,24,2027-02-27,2027-02-27 00:00:00+00:00,Johan Cruyff Arena,Ajax,Feyenoord,,,,,away_win,Feyenoord,0.4968475448630778,0.21537401264878964,0.28777844248813256,xgboost
2027-02-27|telstar|go ahead eagles,209,24,2027-02-27,2027-02-27 00:00:00+00:00,Sportpark Schoonenberg,Telstar,Go Ahead Eagles,,,,,away_win,Go Ahead Eagles,0.6318769796214101,0.1492230887173267,0.21889993166126326,xgboost
2027-02-27|sparta rotterdam|psv,210,24,2027-02-27,2027-02-27 00:00:00+00:00,Sparta Stadion Het Kasteel,Sparta Rotterdam,PSV,,,,,away_win,PSV,0.8856875688767498,0.06178353247745562,0.05252889864579452,xgboost
2027-02-27|sc cambuur|pec zwolle,211,24,2027-02-27,2027-02-27 00:00:00+00:00,Kooi Stadion,SC Cambuur,PEC Zwolle,,,,,away_win,PEC Zwolle,0.4454618563744073,0.17438402839426148,0.38015411523133125,xgboost
2027-02-27|excelsior|heerenveen,212,24,2027-02-27,2027-02-27 00:00:00+00:00,Stadion Woudestein,Excelsior,Heerenveen,,,,,away_win,Heerenveen,0.6096033952382379,0.16342576542696652,0.2269708393347956,xgboost
2027-02-27|ado den haag|fc twente,213,24,2027-02-27,2027-02-27 00:00:00+00:00,ADO Den Haag Stadium,ADO Den Haag,FC Twente,,,,,away_win,FC Twente,0.7060814259069977,0.10632190032091297,0.1875966737720893,xgboost
2027-02-27|willem ii|fc groningen,214,24,2027-02-27,2027-02-27 00:00:00+00:00,Koning Willem II Stadion,Willem II,FC Groningen,,,,,away_win,FC Groningen,0.6391368334323136,0.12231190096665125,0.23855126560103507,xgboost
2027-02-27|nec|az,215,24,2027-02-27,2027-02-27 00:00:00+00:00,Goffertstadion,NEC,AZ,,,,,away_win,AZ,0.5655094908093135,0.1378222553379216,0.2966682538527649,xgboost
2027-02-27|fortuna sittard|fc utrecht,216,24,2027-02-27,2027-02-27 00:00:00+00:00,Fortuna Sittard Stadion,Fortuna Sittard,FC Utrecht,,,,,away_win,FC Utrecht,0.5076748808586775,0.16427302291271118,0.3280520962286113,xgboost
2027-03-06|psv|fc utrecht,217,25,2027-03-06,2027-03-06 00:00:00+00:00,Philips Stadion,PSV,FC Utrecht,,,,,home_win,PSV,0.03334324234060012,0.06680936744062647,0.8998473902187734,xgboost
2027-03-06|fc groningen|telstar,218,25,2027-03-06,2027-03-06 00:00:00+00:00,Euroborg,FC Groningen,Telstar,,,,,home_win,FC Groningen,0.3663657185656338,0.19042763235813626,0.4432066490762299,xgboost
2027-03-06|ado den haag|ajax,219,25,2027-03-06,2027-03-06 00:00:00+00:00,ADO Den Haag Stadium,ADO Den Haag,Ajax,,,,,away_win,Ajax,0.7759334522147036,0.07500330943044026,0.14906323835485621,xgboost
2027-03-06|pec zwolle|willem ii,220,25,2027-03-06,2027-03-06 00:00:00+00:00,MAC³PARK Stadion,PEC Zwolle,Willem II,,,,,home_win,PEC Zwolle,0.15747692973064492,0.21086088674447592,0.6316621835248791,xgboost
2027-03-06|go ahead eagles|excelsior,221,25,2027-03-06,2027-03-06 00:00:00+00:00,De Adelaarshorst,Go Ahead Eagles,Excelsior,,,,,home_win,Go Ahead Eagles,0.21732914145982285,0.38554702632603716,0.39712383221414,xgboost
2027-03-06|feyenoord|heerenveen,222,25,2027-03-06,2027-03-06 00:00:00+00:00,De Kuip,Feyenoord,Heerenveen,,,,,home_win,Feyenoord,0.11321634602345633,0.10414738876466487,0.7826362652118788,xgboost
2027-03-06|sparta rotterdam|sc cambuur,223,25,2027-03-06,2027-03-06 00:00:00+00:00,Sparta Stadion Het Kasteel,Sparta Rotterdam,SC Cambuur,,,,,home_win,Sparta Rotterdam,0.09153084914893281,0.21054355863085963,0.6979255922202076,xgboost
2027-03-06|fc twente|az,224,25,2027-03-06,2027-03-06 00:00:00+00:00,De Grolsch Veste,FC Twente,AZ,,,,,away_win,AZ,0.4160162860102756,0.17644905182069204,0.40753466216903234,xgboost
2027-03-06|fortuna sittard|nec,225,25,2027-03-06,2027-03-06 00:00:00+00:00,Fortuna Sittard Stadion,Fortuna Sittard,NEC,,,,,away_win,NEC,0.8301678367243428,0.04890322944444709,0.12092893383121016,xgboost
2027-03-13|go ahead eagles|feyenoord,226,26,2027-03-13,2027-03-13 00:00:00+00:00,De Adelaarshorst,Go Ahead Eagles,Feyenoord,,,,,away_win,Feyenoord,0.639182438188492,0.22838346599373358,0.1324340958177744,xgboost
2027-03-13|ajax|pec zwolle,227,26,2027-03-13,2027-03-13 00:00:00+00:00,Johan Cruyff Arena,Ajax,PEC Zwolle,,,,,home_win,Ajax,0.08721089902927566,0.11353507841911199,0.7992540225516124,xgboost
2027-03-13|fc utrecht|fc groningen,228,26,2027-03-13,2027-03-13 00:00:00+00:00,Stadion Galgenwaard,FC Utrecht,FC Groningen,,,,,home_win,FC Utrecht,0.37551398424258053,0.10352200248058582,0.5209640132768336,xgboost
2027-03-13|sc cambuur|ado den haag,229,26,2027-03-13,2027-03-13 00:00:00+00:00,Kooi Stadion,SC Cambuur,ADO Den Haag,,,,,away_win,ADO Den Haag,0.47741645854035747,0.1474017338345749,0.3751818076250676,xgboost
2027-03-13|telstar|psv,230,26,2027-03-13,2027-03-13 00:00:00+00:00,Sportpark Schoonenberg,Telstar,PSV,,,,,away_win,PSV,0.8978213603952723,0.055527063118316525,0.0466515764864112,xgboost
2027-03-13|excelsior|nec,231,26,2027-03-13,2027-03-13 00:00:00+00:00,Stadion Woudestein,Excelsior,NEC,,,,,away_win,NEC,0.7232596647468478,0.10370286023447783,0.1730374750186744,xgboost
2027-03-13|heerenveen|fortuna sittard,232,26,2027-03-13,2027-03-13 00:00:00+00:00,Abe Lenstra Stadion,Heerenveen,Fortuna Sittard,,,,,home_win,Heerenveen,0.2745516449897136,0.1795383972016745,0.545909957808612,xgboost
2027-03-13|willem ii|fc twente,233,26,2027-03-13,2027-03-13 00:00:00+00:00,Koning Willem II Stadion,Willem II,FC Twente,,,,,away_win,FC Twente,0.7718986698779369,0.12126597084417944,0.10683535927788373,xgboost
2027-03-13|az|sparta rotterdam,234,26,2027-03-13,2027-03-13 00:00:00+00:00,AFAS Stadion,AZ,Sparta Rotterdam,,,,,home_win,AZ,0.10853587530498249,0.11904779638115785,0.7724163283138596,xgboost
2027-03-20|fc utrecht|sparta rotterdam,235,27,2027-03-20,2027-03-20 00:00:00+00:00,Stadion Galgenwaard,FC Utrecht,Sparta Rotterdam,,,,,home_win,FC Utrecht,0.3014589196656582,0.20007117747418912,0.4984699028601527,xgboost
2027-03-20|nec|ajax,236,27,2027-03-20,2027-03-20 00:00:00+00:00,Goffertstadion,NEC,Ajax,,,,,away_win,Ajax,0.562702612185826,0.1548382263007185,0.28245916151345557,xgboost
2027-03-20|az|excelsior,237,27,2027-03-20,2027-03-20 00:00:00+00:00,AFAS Stadion,AZ,Excelsior,,,,,home_win,AZ,0.1981655386646561,0.19776210682480255,0.6040723545105413,xgboost
2027-03-20|ado den haag|willem ii,238,27,2027-03-20,2027-03-20 00:00:00+00:00,ADO Den Haag Stadium,ADO Den Haag,Willem II,,,,,away_win,Willem II,0.4005591500324764,0.20496325767321158,0.394477592294312,xgboost
2027-03-20|fc groningen|psv,239,27,2027-03-20,2027-03-20 00:00:00+00:00,Euroborg,FC Groningen,PSV,,,,,away_win,PSV,0.8134466911369829,0.10575547207769713,0.08079783678532004,xgboost
2027-03-20|telstar|fortuna sittard,240,27,2027-03-20,2027-03-20 00:00:00+00:00,Sportpark Schoonenberg,Telstar,Fortuna Sittard,,,,,away_win,Fortuna Sittard,0.4739713520884254,0.150577018738727,0.37545162917284763,xgboost
2027-03-20|fc twente|go ahead eagles,241,27,2027-03-20,2027-03-20 00:00:00+00:00,De Grolsch Veste,FC Twente,Go Ahead Eagles,,,,,home_win,FC Twente,0.1425723639852339,0.14069825981378659,0.7167293762009795,xgboost
2027-03-20|pec zwolle|heerenveen,242,27,2027-03-20,2027-03-20 00:00:00+00:00,MAC³PARK Stadion,PEC Zwolle,Heerenveen,,,,,away_win,Heerenveen,0.6483407508904665,0.1476528458185209,0.20400640329101266,xgboost
2027-03-20|feyenoord|sc cambuur,243,27,2027-03-20,2027-03-20 00:00:00+00:00,De Kuip,Feyenoord,SC Cambuur,,,,,home_win,Feyenoord,0.014584873752306575,0.06719846163983834,0.9182166646078551,xgboost
2027-04-03|willem ii|fc utrecht,244,28,2027-04-03,2027-04-03 00:00:00+00:00,Koning Willem II Stadion,Willem II,FC Utrecht,,,,,away_win,FC Utrecht,0.6237125624345925,0.17199996581057744,0.20428747175483,xgboost
2027-04-03|sparta rotterdam|ado den haag,245,28,2027-04-03,2027-04-03 00:00:00+00:00,Sparta Stadion Het Kasteel,Sparta Rotterdam,ADO Den Haag,,,,,home_win,Sparta Rotterdam,0.19158015139621654,0.18560580502443016,0.6228140435793533,xgboost
2027-04-03|excelsior|pec zwolle,246,28,2027-04-03,2027-04-03 00:00:00+00:00,Stadion Woudestein,Excelsior,PEC Zwolle,,,,,home_win,Excelsior,0.31356594970054974,0.13206390218398992,0.5543701481154603,xgboost
2027-04-03|ajax|fc twente,247,28,2027-04-03,2027-04-03 00:00:00+00:00,Johan Cruyff Arena,Ajax,FC Twente,,,,,home_win,Ajax,0.40423941421884624,0.1718347925332156,0.4239257932479382,xgboost
2027-04-03|psv|az,248,28,2027-04-03,2027-04-03 00:00:00+00:00,Philips Stadion,PSV,AZ,,,,,home_win,PSV,0.1493205216380704,0.17697998659303762,0.673699491768892,xgboost
2027-04-03|heerenveen|fc groningen,249,28,2027-04-03,2027-04-03 00:00:00+00:00,Abe Lenstra Stadion,Heerenveen,FC Groningen,,,,,away_win,FC Groningen,0.42819046022575424,0.14933685008179626,0.4224726896924495,xgboost
2027-04-03|go ahead eagles|nec,250,28,2027-04-03,2027-04-03 00:00:00+00:00,De Adelaarshorst,Go Ahead Eagles,NEC,,,,,away_win,NEC,0.5005460851856451,0.24600760534437055,0.2534463094699843,xgboost
2027-04-03|sc cambuur|telstar,251,28,2027-04-03,2027-04-03 00:00:00+00:00,Kooi Stadion,SC Cambuur,Telstar,,,,,away_win,Telstar,0.49795451274343233,0.1839042673724164,0.3181412198841512,xgboost
2027-04-03|fortuna sittard|feyenoord,252,28,2027-04-03,2027-04-03 00:00:00+00:00,Fortuna Sittard Stadion,Fortuna Sittard,Feyenoord,,,,,away_win,Feyenoord,0.8592122051369853,0.05806698764572523,0.08272080721728947,xgboost
2027-04-10|fc groningen|excelsior,253,29,2027-04-10,2027-04-10 00:00:00+00:00,Euroborg,FC Groningen,Excelsior,,,,,home_win,FC Groningen,0.30751643877990986,0.25819804372749605,0.43428551749259414,xgboost
2027-04-10|nec|heerenveen,254,29,2027-04-10,2027-04-10 00:00:00+00:00,Goffertstadion,NEC,Heerenveen,,,,,home_win,NEC,0.3799527924070506,0.1909107634197115,0.4291364441732379,xgboost
2027-04-10|telstar|fc twente,255,29,2027-04-10,2027-04-10 00:00:00+00:00,Sportpark Schoonenberg,Telstar,FC Twente,,,,,away_win,FC Twente,0.7876319067061773,0.10310751484853026,0.10926057844529247,xgboost
2027-04-10|pec zwolle|psv,256,29,2027-04-10,2027-04-10 00:00:00+00:00,MAC³PARK Stadion,PEC Zwolle,PSV,,,,,away_win,PSV,0.9189187287854275,0.05405998447652495,0.02702128673804761,xgboost
2027-04-10|sparta rotterdam|go ahead eagles,257,29,2027-04-10,2027-04-10 00:00:00+00:00,Sparta Stadion Het Kasteel,Sparta Rotterdam,Go Ahead Eagles,,,,,away_win,Go Ahead Eagles,0.5106144175193853,0.152754820305174,0.33663076217544075,xgboost
2027-04-10|willem ii|az,258,29,2027-04-10,2027-04-10 00:00:00+00:00,Koning Willem II Stadion,Willem II,AZ,,,,,away_win,AZ,0.7996567072970331,0.12184713859210125,0.07849615411086569,xgboost
2027-04-10|sc cambuur|fortuna sittard,259,29,2027-04-10,2027-04-10 00:00:00+00:00,Kooi Stadion,SC Cambuur,Fortuna Sittard,,,,,away_win,Fortuna Sittard,0.5531927015340447,0.16108536286299524,0.2857219356029601,xgboost
2027-04-10|ado den haag|feyenoord,260,29,2027-04-10,2027-04-10 00:00:00+00:00,ADO Den Haag Stadium,ADO Den Haag,Feyenoord,,,,,away_win,Feyenoord,0.7245628615229106,0.15844198002497484,0.11699515845211457,xgboost
2027-04-10|fc utrecht|ajax,261,29,2027-04-10,2027-04-10 00:00:00+00:00,Stadion Galgenwaard,FC Utrecht,Ajax,,,,,away_win,Ajax,0.7117826824094025,0.0748138006084849,0.21340351698211268,xgboost
2027-04-24|az|sc cambuur,262,30,2027-04-24,2027-04-24 00:00:00+00:00,AFAS Stadion,AZ,SC Cambuur,,,,,home_win,AZ,0.035486117278364655,0.05769744330476288,0.9068164394168725,xgboost
2027-04-24|fc twente|nec,263,30,2027-04-24,2027-04-24 00:00:00+00:00,De Grolsch Veste,FC Twente,NEC,,,,,home_win,FC Twente,0.22308825558907938,0.1812480163032835,0.5956637281076371,xgboost
2027-04-24|excelsior|willem ii,264,30,2027-04-24,2027-04-24 00:00:00+00:00,Stadion Woudestein,Excelsior,Willem II,,,,,home_win,Excelsior,0.11799144690590635,0.12207856169313656,0.7599299914009571,xgboost
2027-04-24|go ahead eagles|fc utrecht,265,30,2027-04-24,2027-04-24 00:00:00+00:00,De Adelaarshorst,Go Ahead Eagles,FC Utrecht,,,,,home_win,Go Ahead Eagles,0.3581125629418329,0.15733985239182846,0.48454758466633857,xgboost
2027-04-24|heerenveen|ado den haag,266,30,2027-04-24,2027-04-24 00:00:00+00:00,Abe Lenstra Stadion,Heerenveen,ADO Den Haag,,,,,home_win,Heerenveen,0.14319704285550133,0.1465999546374289,0.7102030025070698,xgboost
2027-04-24|psv|ajax,267,30,2027-04-24,2027-04-24 00:00:00+00:00,Philips Stadion,PSV,Ajax,,,,,home_win,PSV,0.1920514169972792,0.15709493040166353,0.6508536526010572,xgboost
2027-04-24|pec zwolle|telstar,268,30,2027-04-24,2027-04-24 00:00:00+00:00,MAC³PARK Stadion,PEC Zwolle,Telstar,,,,,away_win,Telstar,0.4336921231170205,0.18899747691444393,0.3773103999685356,xgboost
2027-04-24|feyenoord|sparta rotterdam,269,30,2027-04-24,2027-04-24 00:00:00+00:00,De Kuip,Feyenoord,Sparta Rotterdam,,,,,home_win,Feyenoord,0.0923995297701022,0.1718039315429379,0.7357965386869599,xgboost
2027-04-24|fortuna sittard|fc groningen,270,30,2027-04-24,2027-04-24 00:00:00+00:00,Fortuna Sittard Stadion,Fortuna Sittard,FC Groningen,,,,,away_win,FC Groningen,0.6548595712676134,0.0939910046373766,0.25114942409501,xgboost
2027-05-01|heerenveen|fc utrecht,271,31,2027-05-01,2027-05-01 00:00:00+00:00,Abe Lenstra Stadion,Heerenveen,FC Utrecht,,,,,away_win,FC Utrecht,0.4348589351076386,0.1718128944610595,0.39332817043130186,xgboost
2027-05-01|ajax|fortuna sittard,272,31,2027-05-01,2027-05-01 00:00:00+00:00,Johan Cruyff Arena,Ajax,Fortuna Sittard,,,,,home_win,Ajax,0.17595178811155282,0.1651906382148385,0.6588575736736086,xgboost
2027-05-01|sparta rotterdam|fc twente,273,31,2027-05-01,2027-05-01 00:00:00+00:00,Sparta Stadion Het Kasteel,Sparta Rotterdam,FC Twente,,,,,away_win,FC Twente,0.6807161537566587,0.13341609227284928,0.185867753970492,xgboost
2027-05-01|telstar|az,274,31,2027-05-01,2027-05-01 00:00:00+00:00,Sportpark Schoonenberg,Telstar,AZ,,,,,away_win,AZ,0.8836310165839185,0.05805999057458143,0.05830899284150001,xgboost
2027-05-01|fc groningen|ado den haag,275,31,2027-05-01,2027-05-01 00:00:00+00:00,Euroborg,FC Groningen,ADO Den Haag,,,,,home_win,FC Groningen,0.1571357398378525,0.1802907122229731,0.6625735479391744,xgboost
2027-05-01|feyenoord|willem ii,276,31,2027-05-01,2027-05-01 00:00:00+00:00,De Kuip,Feyenoord,Willem II,,,,,home_win,Feyenoord,0.024927282002532535,0.06356856611310922,0.9115041518843583,xgboost
2027-05-01|nec|pec zwolle,277,31,2027-05-01,2027-05-01 00:00:00+00:00,Goffertstadion,NEC,PEC Zwolle,,,,,home_win,NEC,0.21073248411327136,0.15767693815893513,0.6315905777277935,xgboost
2027-05-01|go ahead eagles|psv,278,31,2027-05-01,2027-05-01 00:00:00+00:00,De Adelaarshorst,Go Ahead Eagles,PSV,,,,,away_win,PSV,0.7825357844148987,0.1135939812667596,0.1038702343183417,xgboost
2027-05-01|excelsior|sc cambuur,279,31,2027-05-01,2027-05-01 00:00:00+00:00,Stadion Woudestein,Excelsior,SC Cambuur,,,,,home_win,Excelsior,0.11392514815785643,0.13687318718018912,0.7492016646619545,xgboost
2027-05-08|az|ajax,280,32,2027-05-08,2027-05-08 00:00:00+00:00,AFAS Stadion,AZ,Ajax,,,,,away_win,Ajax,0.7057683668047109,0.12834576225544914,0.16588587093984,xgboost
2027-05-08|ado den haag|nec,281,32,2027-05-08,2027-05-08 00:00:00+00:00,ADO Den Haag Stadium,ADO Den Haag,NEC,,,,,away_win,NEC,0.76631713847089,0.06533875959592737,0.16834410193318267,xgboost
2027-05-08|pec zwolle|sparta rotterdam,282,32,2027-05-08,2027-05-08 00:00:00+00:00,MAC³PARK Stadion,PEC Zwolle,Sparta Rotterdam,,,,,away_win,Sparta Rotterdam,0.5413886878544101,0.21907327336201635,0.2395380387835736,xgboost
2027-05-08|fc twente|fc groningen,283,32,2027-05-08,2027-05-08 00:00:00+00:00,De Grolsch Veste,FC Twente,FC Groningen,,,,,home_win,FC Twente,0.20659856693504997,0.15672823108536577,0.6366732019795843,xgboost
2027-05-08|willem ii|telstar,284,32,2027-05-08,2027-05-08 00:00:00+00:00,Koning Willem II Stadion,Willem II,Telstar,,,,,away_win,Telstar,0.4806071431265588,0.2007090104825117,0.31868384639092956,xgboost
2027-05-08|fortuna sittard|go ahead eagles,285,32,2027-05-08,2027-05-08 00:00:00+00:00,Fortuna Sittard Stadion,Fortuna Sittard,Go Ahead Eagles,,,,,away_win,Go Ahead Eagles,0.5909054427585562,0.09709779536566066,0.3119967618757831,xgboost
2027-05-08|fc utrecht|feyenoord,286,32,2027-05-08,2027-05-08 00:00:00+00:00,Stadion Galgenwaard,FC Utrecht,Feyenoord,,,,,away_win,Feyenoord,0.7344542491285784,0.10972078596623339,0.1558249649051882,xgboost
2027-05-08|sc cambuur|heerenveen,287,32,2027-05-08,2027-05-08 00:00:00+00:00,Kooi Stadion,SC Cambuur,Heerenveen,,,,,away_win,Heerenveen,0.6965616522761181,0.1562147750510983,0.14722357267278358,xgboost
2027-05-08|psv|excelsior,288,32,2027-05-08,2027-05-08 00:00:00+00:00,Philips Stadion,PSV,Excelsior,,,,,home_win,PSV,0.05746043569159504,0.21466988999748285,0.7278696743109221,xgboost
2027-05-16|fc groningen|sc cambuur,289,33,2027-05-16,2027-05-16 12:30:00+00:00,Euroborg,FC Groningen,SC Cambuur,,,,,home_win,FC Groningen,0.10215899042901856,0.1628374308563862,0.7350035787145952,xgboost
2027-05-16|fc utrecht|telstar,290,33,2027-05-16,2027-05-16 12:30:00+00:00,Stadion Galgenwaard,FC Utrecht,Telstar,,,,,home_win,FC Utrecht,0.27197829677092333,0.16815974404461992,0.5598619591844568,xgboost
2027-05-16|excelsior|ado den haag,291,33,2027-05-16,2027-05-16 12:30:00+00:00,Stadion Woudestein,Excelsior,ADO Den Haag,,,,,home_win,Excelsior,0.13542317806033555,0.11526153675681593,0.7493152851828485,xgboost
2027-05-16|go ahead eagles|heerenveen,292,33,2027-05-16,2027-05-16 12:30:00+00:00,De Adelaarshorst,Go Ahead Eagles,Heerenveen,,,,,away_win,Heerenveen,0.5250867631245951,0.18554248951455252,0.2893707473608524,xgboost
2027-05-16|fc twente|feyenoord,293,33,2027-05-16,2027-05-16 12:30:00+00:00,De Grolsch Veste,FC Twente,Feyenoord,,,,,away_win,Feyenoord,0.5564555539163362,0.17605362581413933,0.2674908202695245,xgboost
2027-05-16|ajax|sparta rotterdam,294,33,2027-05-16,2027-05-16 12:30:00+00:00,Johan Cruyff Arena,Ajax,Sparta Rotterdam,,,,,home_win,Ajax,0.16546814231191068,0.21001690800104775,0.6245149496870416,xgboost
2027-05-16|az|pec zwolle,295,33,2027-05-16,2027-05-16 12:30:00+00:00,AFAS Stadion,AZ,PEC Zwolle,,,,,home_win,AZ,0.05062821033348414,0.04011726900311212,0.9092545206634037,xgboost
2027-05-16|psv|nec,296,33,2027-05-16,2027-05-16 12:30:00+00:00,Philips Stadion,PSV,NEC,,,,,home_win,PSV,0.11542257919571035,0.10447388902479769,0.780103531779492,xgboost
2027-05-16|fortuna sittard|willem ii,297,33,2027-05-16,2027-05-16 12:30:00+00:00,Fortuna Sittard Stadion,Fortuna Sittard,Willem II,,,,,home_win,Fortuna Sittard,0.20420290825645498,0.10805641706665452,0.6877406746768905,xgboost
2027-05-23|sc cambuur|ajax,298,34,2027-05-23,2027-05-23 12:30:00+00:00,Kooi Stadion,SC Cambuur,Ajax,,,,,away_win,Ajax,0.8450473136854777,0.06340372469113907,0.0915489616233832,xgboost
2027-05-23|nec|fc utrecht,299,34,2027-05-23,2027-05-23 12:30:00+00:00,Goffertstadion,NEC,FC Utrecht,,,,,home_win,NEC,0.29478105541412064,0.17587720191629322,0.5293417426695861,xgboost
2027-05-23|willem ii|go ahead eagles,300,34,2027-05-23,2027-05-23 12:30:00+00:00,Koning Willem II Stadion,Willem II,Go Ahead Eagles,,,,,away_win,Go Ahead Eagles,0.6138606210908973,0.12441642876788431,0.2617229501412184,xgboost
2027-05-23|telstar|excelsior,301,34,2027-05-23,2027-05-23 12:30:00+00:00,Sportpark Schoonenberg,Telstar,Excelsior,,,,,away_win,Excelsior,0.5690450575645917,0.22763035950644747,0.20332458292896088,xgboost
2027-05-23|heerenveen|psv,302,34,2027-05-23,2027-05-23 12:30:00+00:00,Abe Lenstra Stadion,Heerenveen,PSV,,,,,away_win,PSV,0.819496286856442,0.10230282466539205,0.07820088847816585,xgboost
2027-05-23|sparta rotterdam|fortuna sittard,303,34,2027-05-23,2027-05-23 12:30:00+00:00,Sparta Stadion Het Kasteel,Sparta Rotterdam,Fortuna Sittard,,,,,home_win,Sparta Rotterdam,0.4094094079809648,0.1657994752425258,0.4247911167765094,xgboost
2027-05-23|pec zwolle|fc twente,304,34,2027-05-23,2027-05-23 12:30:00+00:00,MAC³PARK Stadion,PEC Zwolle,FC Twente,,,,,away_win,FC Twente,0.7896462750204214,0.09248477775422281,0.11786894722535582,xgboost
2027-05-23|feyenoord|fc groningen,305,34,2027-05-23,2027-05-23 12:30:00+00:00,De Kuip,Feyenoord,FC Groningen,,,,,home_win,Feyenoord,0.1576770337447072,0.13208882378489162,0.7102341424704012,xgboost
2027-05-23|ado den haag|az,306,34,2027-05-23,2027-05-23 12:30:00+00:00,ADO Den Haag Stadium,ADO Den Haag,AZ,,,,,away_win,AZ,0.7743821939923802,0.10649270096132242,0.11912510504629736,xgboost
