player_id,player,team,club_id,position,position_group,market_value_m,age,minutes_per_app,goals_per90,assists_per90,cards_per90,days_since,selected_proxy
552655,Troy Parrott,AZ,1090,Centre-Forward,att,25.0,24.57494866529774,75.3,0.47808764940239046,0.5976095617529881,0.11952191235059761,108.0,1
859035,Kees Smit,AZ,1090,Central Midfield,mid,25.0,20.61601642710472,73.4,0.2452316076294278,0.3678474114441417,0.3678474114441417,122.0,1
578804,Sven Mijnans,AZ,1090,Attacking Midfield,mid,15.0,26.483230663928815,90.0,0.6000000000000001,0.1,0.0,108.0,1
646707,Wouter Goes,AZ,1090,Centre-Back,def,15.0,22.22861054072553,79.0,0.0,0.0,0.0,108.0,1
361074,Peer Koopmeiners,AZ,1090,Defensive Midfield,mid,12.0,26.32991101984942,81.4,0.22113022113022113,0.0,0.0,108.0,1
479643,Alexandre Penetra,AZ,1090,Centre-Back,def,10.0,24.980150581793293,84.5,0.0,0.0,0.10650887573964497,108.0,1
678546,Mexx Meerdink,AZ,1090,Centre-Forward,att,8.0,23.110198494182068,28.8,0.625,0.0,0.3125,108.0,1
315254,Mees de Wit,AZ,1090,Left-Back,def,6.0,28.37782340862423,80.8,0.22277227722772278,0.22277227722772278,0.22277227722772278,115.0,1
577394,Denso Kasius,AZ,1090,Right-Back,def,6.0,23.906913073237508,45.8,0.0,0.3930131004366812,0.1965065502183406,108.0,1
704772,Rome-Jayden Owusu-Oduro,AZ,1090,Goalkeeper,gk,6.0,22.168377823408623,93.0,0.0,0.0967741935483871,0.0967741935483871,108.0,1
957241,Elijah Dijkstra,AZ,1090,Right-Back,def,6.0,20.076659822039698,76.5,0.0,0.0,0.0,108.0,1
801886,Isak Jensen,AZ,1090,Left Winger,att,5.0,22.694045174537987,67.6,0.13313609467455623,0.26627218934911245,0.0,108.0,0
959106,Weslley Patati,AZ,1090,Right Winger,att,4.5,22.921286789869953,39.3,0.0,0.22900763358778625,0.0,108.0,0
1066953,Mateo Chávez,AZ,1090,Left-Back,def,4.0,22.308008213552363,46.1,0.39045553145336226,0.19522776572668113,0.39045553145336226,69.0,0
724025,Matej Sin,AZ,1090,Attacking Midfield,mid,3.0,22.250513347022586,42.5,0.21176470588235294,0.0,0.0,132.0,0
800995,Ro-Zangelo Daal,AZ,1090,Left Winger,att,3.0,22.559890485968516,66.8,0.0,0.0,0.1347305389221557,108.0,0
1078350,Ayoub Oufkir,AZ,1090,Right Winger,att,3.0,20.659822039698838,24.8,0.0,0.0,0.3629032258064516,108.0,0
185817,Jizz Hornkamp,AZ,1090,Centre-Forward,att,2.5,28.490075290896645,36.4,0.4945054945054945,0.24725274725274726,0.0,179.0,0
988406,Kasper Boogaard,AZ,1090,Defensive Midfield,mid,2.5,20.591375770020534,58.9,0.0,0.15280135823429541,0.0,108.0,0
543501,Ibrahim Sadiq,AZ,1090,Right Winger,att,2.0,26.321697467488022,33.3,0.2702702702702703,0.0,0.2702702702702703,164.0,0
733438,Seiya Maikuma,AZ,1090,Right-Back,def,2.0,28.878850102669404,30.2,0.0,0.0,0.0,115.0,0
936294,Rion Ichihara,AZ,1090,Centre-Back,def,1.5,21.155373032169745,47.0,0.0,0.0,0.0,132.0,0
1008564,Billy van Duijl,AZ,1090,Centre-Back,def,1.5,20.91170431211499,62.5,0.144,0.0,0.0,132.0,0
104223,Jordy Clasie,AZ,1090,Defensive Midfield,mid,0.8,35.18412046543463,63.3,0.14218009478672985,0.14218009478672985,0.42654028436018954,108.0,0
646704,Maxim Dekker,AZ,1090,Centre-Back,def,0.65,22.365503080082135,46.2,0.0,0.0,0.0,214.0,0
990008,Wassim Bouziane,AZ,1090,Left Winger,att,0.45,19.696098562628336,17.75,0.0,1.0,0.0,228.0,0
79045,Jeroen Zoet,AZ,1090,Goalkeeper,gk,0.25,35.65503080082136,82.8,0.0,0.10869565217391304,0.0,151.0,0
116471,Hobie Verhulst,AZ,1090,Goalkeeper,gk,0.15,33.41820670773443,90.0,0.0,0.0,0.0,171.0,0
635371,Daniël Deen,AZ,1090,Goalkeeper,gk,0.1,23.550992470910334,0.0,0.0,0.0,0.0,,0
748804,Mika Godts,Ajax,610,Left Winger,att,35.0,21.23750855578371,88.9,0.7086614173228347,0.5061867266591676,0.0,123.0,1
559327,Youri Baas,Ajax,610,Centre-Back,def,20.0,23.463381245722108,90.0,0.0,0.0,0.1,108.0,1
930571,Oscar Gloukh,Ajax,610,Attacking Midfield,mid,13.0,22.420260095824776,47.2,0.1906779661016949,0.1906779661016949,0.1906779661016949,115.0,1
371001,Josip Sutalo,Ajax,610,Centre-Back,def,12.0,26.510609171800137,90.0,0.0,0.0,0.0,67.0,1
203853,Oleksandr Zinchenko,Ajax,610,Left-Back,def,8.0,29.713894592744694,55.4,0.0,0.0,0.0,200.0,1
355816,Ko Itakura,Ajax,610,Centre-Back,def,8.0,29.596167008898014,61.9,0.0,0.14539579967689822,0.14539579967689822,68.0,1
1105532,Jorthy Mokio,Ajax,610,Defensive Midfield,mid,8.0,18.507871321013006,80.2,0.0,0.11221945137157108,0.11221945137157108,108.0,1
1162160,Maher Carrizo,Ajax,610,Right Winger,att,8.0,20.53388090349076,8.0,0.0,0.0,0.0,108.0,1
283196,Kasper Dolberg,Ajax,610,Centre-Forward,att,7.0,28.906228610540726,38.5,0.0,0.4675324675324675,0.0,108.0,1
1111063,Sean Steur,Ajax,610,Central Midfield,mid,7.0,18.642026009582477,57.2,0.15734265734265734,0.15734265734265734,0.3146853146853147,108.0,1
486604,Vitezslav Jaros,Ajax,610,Goalkeeper,gk,5.0,25.111567419575632,90.0,0.0,0.0,0.0,200.0,1
331560,Takehiro Tomiyasu,Ajax,610,Centre-Back,def,5.0,27.824777549623544,39.1,0.23017902813299232,0.0,0.0,144.0,0
468309,Lucas Rosa,Ajax,610,Right-Back,def,5.0,26.414784394250514,90.0,0.0,0.0,0.2,108.0,0
559324,Youri Regeer,Ajax,610,Defensive Midfield,mid,5.0,23.041752224503764,69.9,0.0,0.0,0.2575107296137339,108.0,0
598491,Rayane Bounida,Ajax,610,Attacking Midfield,mid,5.0,20.501026694045173,36.4,0.24725274725274726,0.24725274725274726,0.4945054945054945,108.0,0
701055,Anton Gaaei,Ajax,610,Right-Back,def,5.0,23.786447638603697,83.0,0.10843373493975904,0.10843373493975904,0.10843373493975904,108.0,0
987366,Aaron Bouwman,Ajax,610,Centre-Back,def,3.5,19.014373716632445,65.2,0.0,0.0,0.27607361963190186,144.0,0
339328,Owen Wijndal,Ajax,610,Left-Back,def,3.0,26.76249144421629,69.0,0.13043478260869565,0.0,0.13043478260869565,164.0,0
374326,Oliver Edvardsen,Ajax,610,Left Winger,att,3.0,27.457905544147845,15.4,0.5844155844155844,0.5844155844155844,0.5844155844155844,115.0,0
559333,Kian Fitz-Jim,Ajax,610,Central Midfield,mid,3.0,23.16221765913758,22.2,0.40540540540540543,0.0,0.0,164.0,0
129554,Steven Berghuis,Ajax,610,Right Winger,att,2.0,34.704996577686515,67.4,0.40059347181008903,0.0,0.40059347181008903,108.0,0
182932,Davy Klaassen,Ajax,610,Central Midfield,mid,2.0,33.52772073921971,70.0,0.2571428571428571,0.0,0.0,108.0,0
228645,Wout Weghorst,Ajax,610,Centre-Forward,att,2.0,34.06981519507187,63.2,0.2848101265822785,0.4272151898734178,0.2848101265822785,108.0,0
396077,Maarten Paes,Ajax,610,Goalkeeper,gk,2.0,28.303901437371664,84.4,0.0,0.0,0.0,123.0,0
923667,Joeri Heerkens,Ajax,610,Goalkeeper,gk,1.0,20.320328542094455,0.0,0.0,0.0,0.0,,0
981693,Don-Angelo Konadu,Ajax,610,Centre-Forward,att,0.8,20.334017796030118,22.8,0.39473684210526316,0.39473684210526316,0.0,123.0,0
1015401,Paul Reverson,Ajax,610,Goalkeeper,gk,0.35,21.201916495550993,0.0,0.0,0.0,0.0,,0
536520,Ruben Providence,Almere City,723,Left Winger,att,0.3,25.155373032169745,33.8,0.0,0.0,0.0,70.0,1
177866,Mica Pinto,Dordrecht,1455,Left-Back,def,0.35,33.24572210814511,82.2,0.0,0.10948905109489052,0.10948905109489052,836.0,1
488297,Martin Vetkal,Dordrecht,1455,Defensive Midfield,mid,0.275,22.529774127310063,0.0,0.0,0.0,0.0,,1
536477,Arthur Zagré,Excelsior,798,Left-Back,def,2.0,24.91170431211499,87.5,0.2057142857142857,0.2057142857142857,0.10285714285714286,108.0,1
806245,Irakli Yegoian,Excelsior,798,Attacking Midfield,mid,1.8,22.455852156057496,81.5,0.11042944785276074,0.0,0.11042944785276074,108.0,1
578544,Noah Naujoks,Excelsior,798,Attacking Midfield,mid,1.5,24.33675564681725,85.7,0.31505250875145857,0.10501750291715285,0.10501750291715285,108.0,1
605395,Casper Widell,Excelsior,798,Centre-Back,def,1.5,23.329226557152634,90.0,0.1,0.1,0.0,108.0,1
301696,Stijn van Gassel,Excelsior,798,Goalkeeper,gk,1.0,29.872689938398356,90.0,0.0,0.1,0.0,108.0,1
608407,Derensili Sanches Fernandes,Excelsior,798,Right Winger,att,0.9,25.26488706365503,85.5,0.5263157894736842,0.10526315789473684,0.0,108.0,1
747243,Gyan de Regt,Excelsior,798,Left Winger,att,0.9,23.041752224503764,84.6,0.10638297872340426,0.425531914893617,0.0,108.0,1
595238,Lennard Hartjes,Excelsior,798,Central Midfield,mid,0.8,23.405886379192335,82.2,0.10948905109489052,0.0,0.0,108.0,1
596178,Rick Meissen,Excelsior,798,Centre-Back,def,0.8,24.520191649555098,73.1,0.0,0.12311901504787962,0.0,108.0,1
276002,Emil Hansson,Excelsior,798,Left Winger,att,0.75,28.216290212183434,47.6,0.18907563025210083,0.18907563025210083,0.0,115.0,1
554282,Szymon Wlodarczyk,Excelsior,798,Centre-Forward,att,0.75,23.65776865160849,12.5,0.72,0.0,0.72,108.0,1
723008,Miliano Jonathans,Excelsior,798,Right Winger,att,0.75,22.409308692676248,25.3,0.7114624505928854,0.0,0.3557312252964427,179.0,0
491292,Ilias Bronkhorst,Excelsior,798,Right-Back,def,0.7,29.31416837782341,61.3,0.0,0.1468189233278956,0.1468189233278956,108.0,0
801031,Lewis Schouten,Excelsior,798,Centre-Back,def,0.7,22.576317590691307,82.0,0.0,0.0,0.0,108.0,0
457092,Simon Janssen,Excelsior,798,Left-Back,def,0.4,25.935660506502394,40.1,0.0,0.22443890274314215,0.0,129.0,0
675844,Adam Carlén,Excelsior,798,Defensive Midfield,mid,0.4,26.182067077344286,12.6,0.0,0.0,1.4285714285714286,108.0,0
608889,Mathijs Tielemans,Excelsior,798,Central Midfield,mid,0.35,24.35318275154004,83.0,0.0,0.0,0.10843373493975904,305.0,0
675981,Stan Henderikx,Excelsior,798,Centre-Back,def,0.35,23.15400410677618,55.8,0.0,0.0,0.0,185.0,0
485588,Calvin Raatsie,Excelsior,798,Goalkeeper,gk,0.3,24.56125941136208,100.0,0.0,0.0,0.3,308.0,0
590773,Hamdi Akujobi,Excelsior,798,Right-Back,def,0.3,26.61738535249829,79.0,0.11392405063291139,0.0,0.34177215189873417,501.0,0
1142631,Jerolldino Bergraaf,Excelsior,798,Centre-Forward,att,0.3,20.161533196440793,35.9,0.0,0.0,0.0,108.0,0
183397,Mike van Duinen,Excelsior,798,Centre-Forward,att,0.15,34.822724161533195,18.2,0.0,0.4945054945054945,0.0,108.0,0
775044,Nesto Groen,Excelsior,798,Centre-Forward,att,0.1,22.11362080766598,18.0,0.0,0.0,0.0,382.0,0
1088035,Tijmen Holla,Excelsior,798,Goalkeeper,gk,0.075,20.10677618069815,60.0,0.0,0.0,0.0,389.0,0
793099,Stije Resink,FC Groningen,202,Defensive Midfield,mid,7.0,23.266255989048595,83.0,0.43373493975903615,0.0,0.10843373493975904,185.0,1
765743,Dies Janse,FC Groningen,202,Centre-Back,def,6.5,20.62422997946612,90.0,0.1,0.2,0.1,108.0,1
719209,Thijmen Blokzijl,FC Groningen,202,Centre-Back,def,4.0,21.516769336071185,88.7,0.0,0.10146561443066517,0.10146561443066517,108.0,1
866328,Younes Taha,FC Groningen,202,Right Winger,att,4.0,23.76454483230664,81.4,0.11056511056511056,0.5528255528255528,0.22113022113022113,108.0,1
671738,Thom van Bergen,FC Groningen,202,Centre-Forward,att,3.0,22.65571526351814,89.9,0.5005561735261401,0.10011123470522804,0.10011123470522804,108.0,1
387197,Etienne Vaessen,FC Groningen,202,Goalkeeper,gk,2.5,31.104722792607802,85.5,0.0,0.0,0.21052631578947367,108.0,1
816974,Tygo Land,FC Groningen,202,Central Midfield,mid,2.5,20.640657084188913,82.5,0.32727272727272727,0.10909090909090909,0.0,108.0,1
671737,David van der Werff,FC Groningen,202,Attacking Midfield,mid,2.0,22.0041067761807,74.9,0.12016021361815754,0.24032042723631508,0.0,108.0,1
653725,Tika de Jonge,FC Groningen,202,Central Midfield,mid,1.8,23.479808350444902,64.7,0.1391035548686244,0.1391035548686244,0.1391035548686244,108.0,1
671735,Jorg Schreuders,FC Groningen,202,Left Winger,att,1.7,21.97946611909651,84.7,0.10625737898465171,0.21251475796930341,0.10625737898465171,108.0,1
237244,Marco Rente,FC Groningen,202,Right-Back,def,1.3,29.516769336071185,79.9,0.11264080100125157,0.22528160200250313,0.11264080100125157,108.0,1
464444,Brynjólfur Willumsson,FC Groningen,202,Centre-Forward,att,0.9,26.05612594113621,27.6,0.0,0.0,0.32608695652173914,123.0,0
913289,Tyrique Mercera,FC Groningen,202,Right-Back,def,0.6,22.704996577686515,40.6,0.0,0.4433497536945813,0.6650246305418719,123.0,0
232015,Oskar Zawada,FC Groningen,202,Centre-Forward,att,0.5,30.584531143052704,18.3,0.9836065573770492,0.0,0.0,179.0,0
671734,Wouter Prins,FC Groningen,202,Left-Back,def,0.45,22.570841889117045,26.2,0.0,0.0,0.0,108.0,0
1053908,Travis Hernes,FC Groningen,202,Central Midfield,mid,0.35,20.826830937713893,26.7,0.0,0.0,0.33707865168539325,108.0,0
187809,Mats Seuntjens,FC Groningen,202,Attacking Midfield,mid,0.275,34.37645448323067,10.6,0.0,0.0,0.0,123.0,0
125769,Marvin Peersman,FC Groningen,202,Left-Back,def,0.25,35.559206023271734,83.8,0.10739856801909307,0.10739856801909307,0.0,108.0,0
215551,Hidde Jurjus,FC Groningen,202,Goalkeeper,gk,0.25,32.56125941136208,81.7,0.0,0.0,0.0,164.0,0
387996,Rui Mendes,FC Groningen,202,Right Winger,att,0.2,26.811772758384667,14.4,0.0,0.0,1.25,108.0,0
728516,Lovro Stubljar,FC Groningen,202,Goalkeeper,gk,0.15,22.064339493497606,0.0,0.0,0.0,0.0,,0
848755,Sven Bouland,FC Groningen,202,Centre-Back,def,0.15,20.525667351129364,24.0,0.0,0.0,0.0,592.0,0
1172424,Elvis van der Laan,FC Groningen,202,Centre-Back,def,0.1,18.507871321013006,0.0,0.0,0.0,0.0,,0
949874,Mark Hoekstra,FC Groningen,202,Right Winger,att,0.075,20.55852156057495,8.5,0.0,0.0,1.0,214.0,0
747635,Dirk Baron,FC Groningen,202,Goalkeeper,gk,0.025,24.046543463381244,0.0,0.0,0.0,0.0,,0
847451,Robin Kelder,FC Groningen,202,Centre-Back,def,,21.440109514031484,0.0,0.0,0.0,0.0,,0
1143430,Ryan Metu,FC Groningen,202,Left Winger,att,,18.012320328542096,13.0,0.0,0.0,0.0,115.0,0
983677,Mats Rots,FC Twente,317,Left-Back,def,12.0,20.479123887748116,89.8,0.0,0.10022271714922049,0.10022271714922049,108.0,1
547499,Bart van Rooij,FC Twente,317,Right-Back,def,10.0,25.270362765229294,88.5,0.1016949152542373,0.2033898305084746,0.0,108.0,1
1189172,Ruud Nijstad,FC Twente,317,Centre-Back,def,10.0,18.625598904859686,82.9,0.10856453558504221,0.0,0.0,108.0,1
1002305,Sondre Ørjasæter,FC Twente,317,Left Winger,att,7.0,22.76249144421629,76.4,0.35340314136125656,0.2356020942408377,0.0,108.0,1
416660,Ramiz Zerrouki,FC Twente,317,Defensive Midfield,mid,6.5,28.27104722792608,72.3,0.12448132780082988,0.0,0.12448132780082988,71.0,1
694186,Kristian Hlynsson,FC Twente,317,Attacking Midfield,mid,6.0,22.60917180013689,86.9,0.5178365937859609,0.20713463751438435,0.0,108.0,1
761326,Stav Lemkin,FC Twente,317,Centre-Back,def,6.0,23.419575633127995,90.0,0.0,0.0,0.2,108.0,1
591363,Daan Rots,FC Twente,317,Right Winger,att,5.0,25.10609171800137,82.9,0.32569360675512665,0.10856453558504221,0.10856453558504221,108.0,1
412941,Thomas van den Belt,FC Twente,317,Defensive Midfield,mid,4.5,25.207392197125255,78.6,0.22900763358778625,0.0,0.22900763358778625,115.0,1
386914,Sam Lammers,FC Twente,317,Centre-Forward,att,4.0,29.34154688569473,85.2,0.31690140845070425,0.6338028169014085,0.0,108.0,1
53696,Lars Unnerstall,FC Twente,317,Goalkeeper,gk,1.0,36.120465434633815,90.0,0.0,0.0,0.0,122.0,1
562702,Mees Hilgers,FC Twente,317,Centre-Back,def,3.0,25.305954825462013,82.2,0.0,0.0,0.21897810218978103,472.0,0
205940,Marko Pjaca,FC Twente,317,Left Winger,att,1.5,31.326488706365502,20.7,0.43478260869565216,0.0,0.0,108.0,0
618086,Max Bruns,FC Twente,317,Centre-Back,def,1.5,23.822039698836413,52.2,0.1724137931034483,0.0,0.1724137931034483,145.0,0
202788,Robin Pröpper,FC Twente,317,Centre-Back,def,1.2,32.941820670773446,17.9,0.0,0.0,0.0,108.0,0
513963,Taylor Booth,FC Twente,317,Right Winger,att,1.0,25.256673511293634,28.7,0.0,0.0,0.313588850174216,145.0,0
528652,Mathias Kjølø,FC Twente,317,Defensive Midfield,mid,1.0,25.182751540041068,15.1,0.0,0.0,0.0,108.0,0
808578,Daouda Weidmann,FC Twente,317,Central Midfield,mid,0.75,23.33196440793977,21.4,0.0,0.4205607476635514,0.0,108.0,0
250591,Arno Verschueren,FC Twente,317,Attacking Midfield,mid,0.7,29.401779603011637,10.6,0.0,0.0,0.0,108.0,0
997646,Lucas Vennegoor of Hesselink,FC Twente,317,Centre-Forward,att,0.25,20.470910335386723,10.7,0.0,0.0,0.0,171.0,0
41355,Ricky van Wolfswinkel,FC Twente,317,Centre-Forward,att,0.2,37.596167008898014,20.2,0.0,0.0,0.0,108.0,0
983553,Guilherme Peixoto,FC Twente,317,Right-Back,def,0.2,20.27378507871321,8.0,0.0,0.0,1.0,276.0,0
430475,Issam El Maach,FC Twente,317,Goalkeeper,gk,0.1,26.584531143052704,96.0,0.0,0.0,0.0,1641.0,0
33210,Przemyslaw Tyton,FC Twente,317,Goalkeeper,gk,0.075,39.66050650239562,88.7,0.0,0.0,0.0,108.0,0
703779,Sam Karssies,FC Twente,317,Goalkeeper,gk,0.075,23.515400410677618,0.0,0.0,0.0,0.0,,0
1014172,Yannick Gerritsen,FC Twente,317,Goalkeeper,gk,0.05,20.54757015742642,0.0,0.0,0.0,0.0,,0
541134,Souffian El Karouani,FC Utrecht,200,Left-Back,def,15.0,25.869952087611225,85.5,0.0,0.10526315789473684,0.10526315789473684,108.0,1
571149,Gjivai Zechiël,FC Utrecht,200,Central Midfield,mid,10.0,22.253251197809718,87.4,0.30892448512585813,0.41189931350114417,0.20594965675057209,108.0,1
565436,Alonzo Engwanda,FC Utrecht,200,Defensive Midfield,mid,8.0,23.59753593429158,90.0,0.0,0.0,0.0,108.0,1
646739,Ángel Alarcón,FC Utrecht,200,Left Winger,att,6.0,22.299794661190965,77.2,0.23316062176165803,0.23316062176165803,0.0,123.0,1
782476,Yoann Cathline,FC Utrecht,200,Left Winger,att,6.0,24.11498973305955,84.5,0.10650887573964497,0.21301775147928995,0.10650887573964497,108.0,1
1045344,Artem Stepanov,FC Utrecht,200,Centre-Forward,att,5.0,19.06365503080082,71.1,0.5063291139240507,0.0,0.0,123.0,1
634427,Miguel Rodríguez,FC Utrecht,200,Right Winger,att,4.5,23.345653661875428,43.9,0.0,0.0,0.20501138952164008,180.0,1
340459,Dani de Wit,FC Utrecht,200,Attacking Midfield,mid,3.5,28.594113620807665,89.1,0.30303030303030304,0.20202020202020202,0.40404040404040403,108.0,1
248658,Vasilios Barkas,FC Utrecht,200,Goalkeeper,gk,3.0,32.26009582477755,90.0,0.0,0.0,0.1,108.0,1
367992,Jesper Karlsson,FC Utrecht,200,Left Winger,att,3.0,28.10677618069815,27.7,0.6498194945848376,0.3249097472924188,0.3249097472924188,108.0,1
570597,Matisse Didden,FC Utrecht,200,Centre-Back,def,3.0,24.90075290896646,84.1,0.1070154577883472,0.0,0.1070154577883472,129.0,1
314915,Siebe Horemans,FC Utrecht,200,Right-Back,def,3.0,28.251882272416154,32.0,0.0,0.0,0.0,108.0,0
400548,Victor Jensen,FC Utrecht,200,Attacking Midfield,mid,2.5,26.56536618754278,61.9,0.8723747980613894,0.0,0.14539579967689822,227.0,0
406609,Can Bozdogan,FC Utrecht,200,Central Midfield,mid,2.0,25.409993155373034,45.9,0.0,0.0,0.0,123.0,0
875581,Adrian Blake,FC Utrecht,200,Left Winger,att,2.0,21.13347022587269,24.7,0.728744939271255,0.0,0.0,108.0,0
422932,Niklas Vesterlund,FC Utrecht,200,Right-Back,def,1.5,27.241615331964407,82.1,0.10962241169305725,0.10962241169305725,0.10962241169305725,108.0,0
604813,David Min,FC Utrecht,200,Centre-Forward,att,1.5,27.195071868583163,15.2,0.5921052631578947,0.5921052631578947,0.0,108.0,0
482141,Mike Eerdhuijzen,FC Utrecht,200,Centre-Back,def,1.3,26.138261464750173,57.6,0.0,0.0,0.15625,108.0,0
181375,Sébastien Haller,FC Utrecht,200,Centre-Forward,att,1.0,32.19712525667351,34.2,0.0,0.5263157894736842,0.2631578947368421,108.0,0
187105,Mike van der Hoorn,FC Utrecht,200,Centre-Back,def,0.75,33.880903490759756,86.3,0.0,0.0,0.10428736964078796,123.0,0
1112524,Emeka Adiele,FC Utrecht,200,Left-Back,def,0.7,19.091033538672143,23.0,0.0,0.0,0.0,129.0,0
738475,Oualid Agougil,FC Utrecht,200,Defensive Midfield,mid,0.5,21.07049965776865,16.833333333333332,0.0,0.0,0.8910891089108911,192.0,0
738479,Rafik El Arguioui,FC Utrecht,200,Attacking Midfield,mid,0.5,21.089664613278575,7.0,0.0,0.0,0.0,108.0,0
1111077,Jaygo van Ommeren,FC Utrecht,200,Defensive Midfield,mid,0.5,18.31895961670089,17.75,0.0,0.0,0.0,223.0,0
918445,Emirhan Demircan,FC Utrecht,200,Left Winger,att,0.45,21.61533196440794,23.857142857142858,0.5389221556886228,0.0,0.0,259.0,0
93081,Nick Viergever,FC Utrecht,200,Centre-Back,def,0.3,37.08145106091718,53.2,0.0,0.0,0.16917293233082706,108.0,0
231650,Michael Brouwer,FC Utrecht,200,Goalkeeper,gk,0.25,33.61259411362081,78.6,0.0,0.0,0.0,223.0,0
607133,Kevin Gadellaa,FC Utrecht,200,Goalkeeper,gk,0.25,23.4031485284052,0.0,0.0,0.0,0.0,,0
997903,Givairo Read,Feyenoord,234,Right-Back,def,25.0,20.251882272416154,66.9,0.26905829596412556,0.26905829596412556,0.13452914798206278,108.0,1
917911,Anis Hadj Moussa,Feyenoord,234,Right Winger,att,23.0,24.555783709787818,79.8,0.3383458646616541,0.22556390977443608,0.22556390977443608,71.0,1
601495,Luciano Valente,Feyenoord,234,Central Midfield,mid,18.0,22.913073237508556,85.5,0.10526315789473684,0.21052631578947367,0.21052631578947367,108.0,1
589128,Ayase Ueda,Feyenoord,234,Centre-Forward,att,17.0,28.01368925393566,84.7,0.743801652892562,0.10625737898465171,0.10625737898465171,68.0,1
667965,Oussama Targhalline,Feyenoord,234,Defensive Midfield,mid,16.0,24.28747433264887,77.3,0.0,0.23285899094437257,0.11642949547218628,108.0,1
855731,Jordan Bos,Feyenoord,234,Left-Back,def,12.0,23.84394250513347,86.7,0.10380622837370242,0.20761245674740483,0.10380622837370242,68.0,1
593519,Sem Steijn,Feyenoord,234,Attacking Midfield,mid,11.0,24.804928131416837,35.4,0.2542372881355932,0.2542372881355932,0.0,108.0,1
377468,Anel Ahmedhodzic,Feyenoord,234,Centre-Back,def,10.0,27.43874058863792,85.1,0.0,0.0,0.21151586368977673,164.0,1
384461,Jakub Moder,Feyenoord,234,Central Midfield,mid,10.0,27.405886379192335,80.3,0.11207970112079702,0.11207970112079702,0.33623910336239105,143.0,1
598791,Tsuyoshi Watanabe,Feyenoord,234,Centre-Back,def,10.0,29.571526351813826,86.9,0.10356731875719218,0.0,0.10356731875719218,80.0,1
196829,Timon Wellenreuther,Feyenoord,234,Goalkeeper,gk,5.0,30.748802190280628,90.0,0.0,0.0,0.1,108.0,1
365394,In-beom Hwang,Feyenoord,234,Defensive Midfield,mid,7.0,29.949349760438057,74.9,0.12016021361815754,0.12016021361815754,0.24032042723631508,69.0,0
710886,Leo Sauer,Feyenoord,234,Left Winger,att,7.0,20.711841204654345,64.1,0.28081123244929795,0.0,0.0,164.0,0
374212,Gijs Smal,Feyenoord,234,Left-Back,def,5.5,29.00479123887748,50.2,0.0,0.35856573705179284,0.0,108.0,0
593862,Thomas Beelen,Feyenoord,234,Centre-Back,def,5.0,25.22655715263518,73.6,0.0,0.0,0.0,487.0,0
987370,Thijs Kraaijeveld,Feyenoord,234,Defensive Midfield,mid,5.0,19.3347022587269,61.3,0.0,0.0,0.2936378466557912,108.0,0
313094,Jordan Lotomba,Feyenoord,234,Right-Back,def,3.5,27.926078028747433,50.4,0.0,0.17857142857142858,0.0,115.0,0
464598,Casper Tengstedt,Feyenoord,234,Centre-Forward,att,3.5,26.253251197809718,22.3,0.40358744394618834,0.0,0.0,108.0,0
134425,Raheem Sterling,Feyenoord,234,Right Winger,att,3.0,31.734428473648187,48.8,0.0,0.18442622950819673,0.18442622950819673,108.0,0
288253,Jeremiah St. Juste,Feyenoord,234,Centre-Back,def,3.0,29.869952087611225,28.6,0.0,0.0,0.3146853146853147,122.0,0
479649,Gonçalo Borges,Feyenoord,234,Right Winger,att,3.0,25.429158110882955,55.2,0.32608695652173914,0.0,0.16304347826086957,143.0,0
369554,Mats Deijl,Feyenoord,234,Right-Back,def,2.0,29.13347022587269,78.6,0.0,0.11450381679389313,0.11450381679389313,108.0,0
775257,Aymen Sliti,Feyenoord,234,Left Winger,att,2.0,20.4435318275154,27.9,0.0,0.0,0.0,143.0,0
1087982,Tobias van den Elshout,Feyenoord,234,Attacking Midfield,mid,2.0,19.581108829568787,35.8,0.0,0.25139664804469275,0.0,108.0,0
1126894,Malcolm Jeng,Feyenoord,234,Centre-Back,def,2.0,21.4839151266256,42.8,0.0,0.0,0.0,339.0,0
1233996,Gaoussou Diarra,Feyenoord,234,Left Winger,att,1.7,23.78097193702943,38.111111111111114,0.0,0.0,0.0,108.0,0
59145,Gernot Trauner,Feyenoord,234,Centre-Back,def,1.5,34.4394250513347,68.3,0.0,0.0,0.13177159590043924,108.0,0
257987,Bart Nieuwkoop,Feyenoord,234,Right-Back,def,1.5,30.48870636550308,32.4,0.2777777777777778,0.0,0.2777777777777778,171.0,0
517811,Shaqueel van Persie,Feyenoord,234,Centre-Forward,att,1.5,19.794661190965094,12.142857142857142,2.0,2.0,1.0,108.0,0
381469,Steven Benda,Feyenoord,234,Goalkeeper,gk,1.0,27.920602327173167,90.0,0.0,0.0,0.0,199.0,0
264176,Liam Bossin,Feyenoord,234,Goalkeeper,gk,0.35,30.132785763175907,0.0,0.0,0.0,0.0,,0
595247,Shiloh 't Zand,Feyenoord,234,Attacking Midfield,mid,0.3,23.304585900068446,41.6,0.21634615384615385,0.0,0.0,550.0,0
746973,Mannou Berger,Feyenoord,234,Goalkeeper,gk,0.075,21.880903490759753,0.0,0.0,0.0,0.0,,0
1379545,Ilai Grootfaam,Feyenoord,234,Attacking Midfield,mid,,16.468172484599588,7.0,0.0,0.0,0.0,130.0,0
503638,Mohamed Ihattaren,Fortuna Sittard,385,Attacking Midfield,mid,3.0,24.553045859000683,62.2,0.28938906752411575,0.5787781350482315,0.28938906752411575,108.0,1
315283,Kaj Sierhuis,Fortuna Sittard,385,Centre-Forward,att,1.8,28.35044490075291,71.0,0.5070422535211268,0.1267605633802817,0.0,108.0,1
900072,Philip Brittijn,Fortuna Sittard,385,Central Midfield,mid,1.6,22.39835728952772,74.1,0.1214574898785425,0.0,0.48582995951417,108.0,1
503640,Neraysho Kasanwirjo,Fortuna Sittard,385,Centre-Back,def,1.5,24.536618754277892,78.0,0.0,0.11538461538461539,0.11538461538461539,108.0,1
576682,Jasper Dahlhaus,Fortuna Sittard,385,Left-Back,def,1.4,24.763860369609855,84.4,0.0,0.0,0.2132701421800948,108.0,1
324344,Dimitrios Limnios,Fortuna Sittard,385,Right Winger,att,1.3,28.268309377138944,75.2,0.2393617021276596,0.35904255319148937,0.0,108.0,1
659521,Edouard Michut,Fortuna Sittard,385,Central Midfield,mid,1.2,23.498973305954827,88.9,0.0,0.0,0.0,165.0,1
678641,Justin Hubner,Fortuna Sittard,385,Centre-Back,def,1.0,22.967830253251197,72.9,0.12345679012345678,0.0,0.0,108.0,1
358021,Shawn Adewoye,Fortuna Sittard,385,Centre-Back,def,0.9,26.17659137577002,57.3,0.0,0.0,0.31413612565445026,130.0,1
205128,Mattijs Branderhorst,Fortuna Sittard,385,Goalkeeper,gk,0.8,32.67077344284736,90.0,0.0,0.0,0.0,108.0,1
357917,Justin Lonwijk,Fortuna Sittard,385,Central Midfield,mid,0.8,26.699520876112253,59.7,0.4522613065326633,0.0,0.1507537688442211,255.0,1
378316,Lance Duijvestijn,Fortuna Sittard,385,Attacking Midfield,mid,0.8,27.630390143737166,84.4,0.1066350710900474,0.1066350710900474,0.1066350710900474,108.0,0
566911,Yassin Oukili,Fortuna Sittard,385,Central Midfield,mid,0.7,25.661875427789184,41.4,0.21739130434782608,0.0,0.43478260869565216,108.0,0
485586,Syb van Ottele,Fortuna Sittard,385,Centre-Back,def,0.6,24.580424366872005,57.3,0.0,0.0,0.15706806282722513,108.0,0
186704,Kristoffer Peterson,Fortuna Sittard,385,Left Winger,att,0.45,31.761806981519506,39.9,0.22556390977443608,0.0,0.22556390977443608,108.0,0
296227,Iván Márquez,Fortuna Sittard,385,Centre-Back,def,0.45,32.23271731690623,68.9,0.13062409288824384,0.0,0.13062409288824384,122.0,0
226074,Alen Halilovic,Fortuna Sittard,385,Attacking Midfield,mid,0.4,30.206707734428473,19.0,0.0,0.47368421052631576,0.0,108.0,0
215099,Daley Sinkgraven,Fortuna Sittard,385,Left-Back,def,0.3,31.16495550992471,35.2,0.0,0.0,0.7670454545454546,556.0,0
289510,Samuel Bastien,Fortuna Sittard,385,Central Midfield,mid,0.3,29.932922655715263,7.5,0.0,0.0,0.0,151.0,0
915445,Luka Tunjic,Fortuna Sittard,385,Attacking Midfield,mid,0.3,20.78576317590691,18.8,0.0,0.0,0.0,151.0,0
82281,Ivo Pinto,Fortuna Sittard,385,Right-Back,def,0.25,36.65160848733744,67.3,0.0,0.1337295690936107,0.1337295690936107,108.0,0
235108,Luuk Koopmans,Fortuna Sittard,385,Goalkeeper,gk,0.2,32.78850102669404,90.0,0.0,0.0,0.0,130.0,0
180843,Paul Gladon,Fortuna Sittard,385,Centre-Forward,att,0.15,34.458590006844624,35.5,0.2535211267605634,0.0,0.0,122.0,0
158104,Nick Marsman,Fortuna Sittard,385,Goalkeeper,gk,0.125,35.92060232717317,81.1,0.0,0.0,0.0,1935.0,0
835546,Hasip Korkmazyürek,Fortuna Sittard,385,Central Midfield,mid,0.05,23.340177960301162,1.6666666666666667,0.0,0.0,0.0,115.0,0
1135967,Tristan Schenkhuizen,Fortuna Sittard,385,Defensive Midfield,mid,0.05,22.140999315537304,3.0,0.0,0.0,0.0,228.0,0
1029376,Ramazan Bayram,Fortuna Sittard,385,Goalkeeper,gk,0.025,21.88911704312115,0.0,0.0,0.0,0.0,,0
1148221,Niels Martens,Fortuna Sittard,385,Goalkeeper,gk,0.025,22.321697467488022,0.0,0.0,0.0,0.0,,0
657957,Jakob Breum,Go Ahead Eagles,1435,Attacking Midfield,mid,5.0,22.792607802874745,85.5,0.42105263157894735,0.21052631578947367,0.0,108.0,1
426849,Jari De Busser,Go Ahead Eagles,1435,Goalkeeper,gk,4.0,26.86652977412731,90.0,0.0,0.0,0.0,122.0,1
422760,Mathis Suray,Go Ahead Eagles,1435,Left Winger,att,3.5,25.10335386721424,83.7,0.3225806451612903,0.10752688172043011,0.0,108.0,1
426280,Melle Meulensteen,Go Ahead Eagles,1435,Defensive Midfield,mid,2.5,27.16495550992471,90.0,0.0,0.0,0.1,108.0,1
464454,Stefán Ingi Sigurdarson,Go Ahead Eagles,1435,Centre-Forward,att,2.0,25.596167008898014,57.0,0.3157894736842105,0.0,0.0,108.0,1
326329,Joris Kramer,Go Ahead Eagles,1435,Centre-Back,def,1.8,30.083504449007528,85.5,0.10526315789473684,0.0,0.10526315789473684,108.0,1
529223,Dean James,Go Ahead Eagles,1435,Left-Back,def,1.7,26.340862422997947,43.3,0.0,0.0,0.20785219399538107,115.0,1
332530,Alfons Sampsted,Go Ahead Eagles,1435,Right-Back,def,1.5,28.407939767282684,73.8,0.0,0.24390243902439024,0.0,108.0,1
361112,Evert Linthorst,Go Ahead Eagles,1435,Central Midfield,mid,1.2,26.49965776865161,23.5,0.0,0.3829787234042553,0.0,108.0,1
656132,Aske Adelgaard,Go Ahead Eagles,1435,Left-Back,def,1.0,22.811772758384667,88.2,0.10204081632653061,0.10204081632653061,0.0,115.0,1
566930,Julius Dirksen,Go Ahead Eagles,1435,Centre-Back,def,0.8,23.581108829568787,83.6,0.1076555023923445,0.0,0.3229665071770335,108.0,1
265324,Victor Edvardsen,Go Ahead Eagles,1435,Centre-Forward,att,0.8,30.633812457221083,88.7,0.20293122886133033,0.40586245772266066,0.10146561443066517,122.0,0
412943,Kenzo Goudmijn,Go Ahead Eagles,1435,Central Midfield,mid,0.7,24.706365503080082,49.5,0.18181818181818182,0.0,0.18181818181818182,132.0,0
541601,Søren Tengstedt,Go Ahead Eagles,1435,Attacking Midfield,mid,0.7,26.17385352498289,56.7,0.47619047619047616,0.0,0.0,108.0,0
727480,Jaden Slory,Go Ahead Eagles,1435,Right Winger,att,0.7,21.31690622861054,47.3,0.0,0.19027484143763213,0.0,115.0,0
465326,Richonell Margaret,Go Ahead Eagles,1435,Centre-Forward,att,0.6,25.984941820670773,30.7,0.0,0.5863192182410424,0.8794788273615636,108.0,0
486043,Thibo Baeten,Go Ahead Eagles,1435,Centre-Forward,att,0.5,24.246406570841888,35.4,0.0,0.2542372881355932,0.2542372881355932,108.0,0
715510,Oskar Sivertsen,Go Ahead Eagles,1435,Left Winger,att,0.45,22.546201232032853,31.1,0.0,0.28938906752411575,0.0,108.0,0
1088311,Yassir Salah Rahmouni,Go Ahead Eagles,1435,Central Midfield,mid,0.45,20.2217659137577,19.5,0.0,0.0,0.46153846153846156,115.0,0
921306,Eus Waayers,Go Ahead Eagles,1435,Right-Back,def,0.35,20.40246406570842,14.666666666666666,0.0,1.0,0.0,164.0,0
85904,Gerrit Nauber,Go Ahead Eagles,1435,Centre-Back,def,0.3,34.38740588637919,76.9,0.11703511053315994,0.0,0.2340702210663199,314.0,0
241486,Finn Stokkers,Go Ahead Eagles,1435,Centre-Forward,att,0.3,30.373716632443532,18.8,0.4787234042553192,0.0,0.4787234042553192,115.0,0
335997,Luca Plogmann,Go Ahead Eagles,1435,Goalkeeper,gk,0.3,26.480492813141684,90.0,0.0,0.0,0.0,472.0,0
805149,Giovanni van Zwam,Go Ahead Eagles,1435,Centre-Back,def,0.3,22.666666666666668,57.6,0.0,0.0,0.0,108.0,0
690665,Robbin Weijenberg,Go Ahead Eagles,1435,Central Midfield,mid,0.2,21.815195071868583,29.4,0.0,0.0,0.30612244897959184,305.0,0
624698,Pim Saathof,Go Ahead Eagles,1435,Centre-Back,def,0.075,22.680355920602327,18.75,0.0,0.0,0.0,571.0,0
1184614,Ofosu Boakye,Go Ahead Eagles,1435,Centre-Forward,att,0.075,19.148528405201915,4.0,0.0,0.0,0.0,150.0,0
690624,Sven Jansen,Go Ahead Eagles,1435,Goalkeeper,gk,0.05,21.859000684462696,0.0,0.0,0.0,0.0,,0
783017,Nando Verdoni,Go Ahead Eagles,1435,Goalkeeper,gk,0.025,23.15126625598905,0.0,0.0,0.0,0.0,,0
542684,Jacob Trenskow,Heerenveen,306,Right Winger,att,7.5,25.765913757700204,86.3,0.4171494785631518,0.3128621089223639,0.0,108.0,1
577455,Ringo Meerveld,Heerenveen,306,Attacking Midfield,mid,5.0,23.698836413415467,84.1,0.2140309155766944,0.0,0.0,108.0,1
869067,Oliver Braude,Heerenveen,306,Right-Back,def,5.0,22.529774127310063,90.0,0.0,0.0,0.30000000000000004,108.0,1
899163,Marcus Linday,Heerenveen,306,Central Midfield,mid,5.0,23.252566735112936,86.3,0.10428736964078796,0.10428736964078796,0.2085747392815759,108.0,1
805451,Maas Willemsen,Heerenveen,306,Centre-Back,def,4.5,23.345653661875428,85.5,0.0,0.0,0.0,108.0,1
781270,Lasse Nordås,Heerenveen,306,Centre-Forward,att,3.5,24.55852156057495,54.6,0.32967032967032966,0.32967032967032966,0.32967032967032966,108.0,1
613781,Vasilios Zagaritis,Heerenveen,306,Left-Back,def,3.0,25.3305954825462,82.2,0.0,0.21897810218978103,0.0,108.0,1
725816,Bernt Klaverboer,Heerenveen,306,Goalkeeper,gk,3.0,20.933607118412045,90.0,0.0,0.0,0.2,108.0,1
735700,Maxence Rivera,Heerenveen,306,Left Winger,att,3.0,24.26009582477755,71.6,0.3770949720670391,0.25139664804469275,0.3770949720670391,130.0,1
369319,Dylan Vente,Heerenveen,306,Centre-Forward,att,2.5,27.318275154004105,49.5,0.18181818181818182,0.0,0.0,108.0,1
918365,Levi Smans,Heerenveen,306,Attacking Midfield,mid,1.5,23.44147843942505,83.1,0.0,0.3249097472924188,0.0,389.0,1
430797,Sam Kersten,Heerenveen,306,Centre-Back,def,2.0,28.588637919233403,88.7,0.0,0.0,0.0,108.0,0
369552,Luuk Brouwers,Heerenveen,306,Attacking Midfield,mid,1.5,28.334017796030118,30.3,0.594059405940594,0.0,0.297029702970297,108.0,0
894050,Nikolai Hopland,Heerenveen,306,Centre-Back,def,1.5,22.10814510609172,15.1,0.0,0.0,0.0,164.0,0
182582,Joris van Overeem,Heerenveen,306,Defensive Midfield,mid,1.0,32.25462012320329,86.5,0.10404624277456648,0.4161849710982659,0.10404624277456648,108.0,0
551085,Luca Oyen,Heerenveen,306,Left Winger,att,0.9,23.471594798083505,40.2,0.22388059701492538,0.0,0.0,108.0,0
1130803,Eser Gürbüz,Heerenveen,306,Right Winger,att,0.6,19.49349760438056,22.1,0.4072398190045249,0.0,0.0,108.0,0
628042,Hristiyan Petrov,Heerenveen,306,Centre-Back,def,0.5,24.191649555099247,27.2,0.0,0.0,0.33088235294117646,122.0,0
704773,Amourricho van Axel Dongen,Heerenveen,306,Left Winger,att,0.4,21.924709103353866,16.9,0.5325443786982249,0.0,0.0,207.0,0
534015,Nordin Bakker,Heerenveen,306,Goalkeeper,gk,0.35,28.83778234086242,89.1,0.0,0.0,0.0,234.0,0
276853,Andries Noppert,Heerenveen,306,Goalkeeper,gk,0.3,32.40520191649555,82.6,0.0,0.0,0.0,368.0,0
1030525,Mats Egbring,Heerenveen,306,Right-Back,def,0.3,19.958932238193018,18.8,0.0,0.4787234042553192,0.4787234042553192,143.0,0
952414,Nolhan Courtens,Heerenveen,306,Attacking Midfield,mid,0.15,19.701574264202602,11.166666666666666,0.0,0.0,1.0,114.0,0
886252,Isaiah Ahmed,Heerenveen,306,Central Midfield,mid,0.125,20.67898699520876,3.3333333333333335,0.0,0.0,0.0,172.0,0
312473,Jan Bekkema,Heerenveen,306,Goalkeeper,gk,0.05,30.39835728952772,1.0,0.0,0.0,0.0,1193.0,0
891852,Jermaine Rijssel,Heerenveen,306,Right Winger,att,,21.440109514031484,5.0,0.0,0.0,0.0,298.0,0
508639,Naci Ünüvar,Heracles,1304,Left Winger,att,1.0,23.222450376454482,65.7,0.0,0.136986301369863,0.136986301369863,129.0,1
728864,Lequincio Zeefuik,Heracles,1304,Centre-Forward,att,0.85,21.765913757700204,79.1,0.22756005056890014,0.0,0.3413400758533502,129.0,1
405892,Alec Van Hoorenbeeck,Heracles,1304,Centre-Back,def,0.7,27.67419575633128,89.6,0.10044642857142858,0.0,0.4017857142857143,122.0,1
569470,Luka Kulenovic,Heracles,1304,Centre-Forward,att,0.65,26.926762491444215,53.3,0.0,0.0,0.16885553470919323,115.0,1
265625,Ajdin Hrustic,Heracles,1304,Central Midfield,mid,0.6,30.16016427104723,80.8,0.11138613861386139,0.0,0.0,68.0,1
482838,Ivan Mesik,Heracles,1304,Centre-Back,def,0.6,25.253935660506503,84.3,0.0,0.0,0.10676156583629894,129.0,1
618083,Sem Scheperman,Heracles,1304,Defensive Midfield,mid,0.6,24.191649555099247,58.9,0.15280135823429541,0.0,0.15280135823429541,108.0,1
597104,Walid Ould-Chikh,Heracles,1304,Attacking Midfield,mid,0.55,26.822724161533195,62.2,0.0,0.0,0.28938906752411575,108.0,1
326300,Jeff Reine-Adélaïde,Heracles,1304,Attacking Midfield,mid,0.5,28.62422997946612,69.6,0.12931034482758622,0.0,0.25862068965517243,388.0,1
591880,Mimeirhel Benita,Heracles,1304,Right-Back,def,0.5,22.792607802874745,59.5,0.0,0.15126050420168066,0.45378151260504196,108.0,1
462285,Fabian de Keijzer,Heracles,1304,Goalkeeper,gk,0.4,26.313483915126625,93.0,0.0,0.0,0.0,231.0,1
257986,Damon Mirani,Heracles,1304,Centre-Back,def,0.45,30.305270362765228,90.0,0.0,0.0,0.2,108.0,0
487924,Jan Zamburek,Heracles,1304,Central Midfield,mid,0.4,25.54962354551677,63.4,0.0,0.0,0.14195583596214512,108.0,0
501049,Erik Ahlstrand,Heracles,1304,Central Midfield,mid,0.4,24.88432580424367,53.9,0.0,0.16697588126159554,0.0,108.0,0
502288,Bryan Limbombe,Heracles,1304,Right Winger,att,0.4,25.30321697467488,29.8,0.0,0.0,0.0,122.0,0
586659,Yvandro Borges Sanches,Heracles,1304,Left Winger,att,0.4,22.275154004106778,48.8,0.5532786885245902,0.18442622950819673,0.0,270.0,0
447801,Jannes Wieckhoff,Heracles,1304,Right-Back,def,0.35,26.083504449007528,46.9,0.0,0.0,0.3837953091684435,122.0,0
596148,Djevencio van der Kust,Heracles,1304,Left-Back,def,0.35,25.34154688569473,64.5,0.0,0.13953488372093023,0.13953488372093023,108.0,0
793702,Tristan van Gilst,Heracles,1304,Left Winger,att,0.35,23.537303216974674,52.5,0.17142857142857143,0.0,0.17142857142857143,108.0,0
916461,Rhys Bozinovski,Heracles,1304,Defensive Midfield,mid,0.35,22.16563997262149,51.625,0.0,0.0,0.2179176755447942,108.0,0
93637,Mario Engels,Heracles,1304,Left Winger,att,0.3,32.86242299794661,55.7,0.1615798922800718,0.0,0.1615798922800718,108.0,0
155806,Mike te Wierik,Heracles,1304,Centre-Back,def,0.2,34.234086242299796,76.5,0.0,0.0,0.11764705882352941,108.0,0
172202,Thomas Bruns,Heracles,1304,Attacking Midfield,mid,0.175,34.652977412731005,39.3,0.0,0.0,0.0,108.0,0
464906,Sava-Arangel Cestic,Heracles,1304,Centre-Back,def,0.15,25.533196440793976,46.3,0.0,0.0,0.19438444924406048,115.0,0
703778,Timo Jansink,Heracles,1304,Goalkeeper,gk,0.15,23.21423682409309,90.0,0.0,0.0,0.0,108.0,0
25520,Remko Pasveer,Heracles,1304,Goalkeeper,gk,0.1,42.81724845995893,90.0,0.0,0.0,0.0,129.0,0
535741,Robin Mantel,Heracles,1304,Goalkeeper,gk,0.05,25.796030116358658,0.0,0.0,0.0,0.0,,0
936604,Jop Tijink,Heracles,1304,Centre-Back,def,0.05,21.587953456536617,6.0,0.0,0.0,0.0,304.0,0
1025411,Giandro Sambo,Heracles,1304,Left Winger,att,0.05,20.01368925393566,6.0,0.0,0.0,0.0,745.0,0
1476385,Sil Blokhuis,Heracles,1304,Right Winger,att,0.05,18.458590006844627,3.0,0.0,0.0,0.0,108.0,0
1161396,Leco Zeevalkink,Heracles,1304,Goalkeeper,gk,,20.966461327857633,0.0,0.0,0.0,0.0,,0
428502,Boy Kemper,NAC Breda,132,Left-Back,def,1.0,27.200547570157426,90.0,0.2,0.1,0.0,114.0,1
980576,Amine Salama,NAC Breda,132,Centre-Forward,att,1.0,26.12457221081451,41.8,0.0,0.215311004784689,0.0,143.0,1
434110,Leo Greiml,NAC Breda,132,Centre-Back,def,0.9,25.166324435318277,77.4,0.11627906976744186,0.0,0.23255813953488372,143.0,1
849428,Max Balard,NAC Breda,132,Defensive Midfield,mid,0.9,25.782340862423,81.7,0.0,0.0,0.11015911872705018,108.0,1
463233,Daniel Bielica,NAC Breda,132,Goalkeeper,gk,0.8,27.342915811088297,90.0,0.0,0.0,0.1,108.0,1
564489,Kamal Sowah,NAC Breda,132,Central Midfield,mid,0.75,26.647501711156742,76.3,0.11795543905635648,0.0,0.0,108.0,1
1053240,Moussa Soumano,NAC Breda,132,Centre-Forward,att,0.75,21.149897330595483,65.1,0.6912442396313365,0.0,0.0,108.0,1
640565,Mohamed Nassoh,NAC Breda,132,Attacking Midfield,mid,0.7,23.600273785078713,58.4,0.3082191780821918,0.0,0.3082191780821918,123.0,1
741587,Juho Talvitie,NAC Breda,132,Right Winger,att,0.7,21.440109514031484,34.4,0.0,0.2616279069767442,0.0,130.0,1
936581,Cherrion Valerius,NAC Breda,132,Right-Back,def,0.65,20.944558521560573,75.4,0.0,0.23872679045092837,0.0,108.0,1
559334,Rio Hillen,NAC Breda,132,Centre-Back,def,0.6,23.496235455167692,62.2,0.0,0.14469453376205788,0.4340836012861736,108.0,1
250464,Clint Leemans,NAC Breda,132,Central Midfield,mid,0.4,30.965092402464066,82.5,0.0,0.0,0.10909090909090909,108.0,0
406091,Boyd Lucassen,NAC Breda,132,Right-Back,def,0.35,28.17248459958932,43.7,0.20594965675057209,0.0,0.0,171.0,0
595028,Charles-Andreas Brym,NAC Breda,132,Centre-Forward,att,0.35,28.0684462696783,73.1,0.0,0.0,0.12311901504787962,108.0,0
716756,Raul Paula,NAC Breda,132,Attacking Midfield,mid,0.35,22.60369609856263,44.0,0.0,0.4090909090909091,0.20454545454545456,123.0,0
55508,Lewis Holtby,NAC Breda,132,Central Midfield,mid,0.3,35.95619438740589,50.5,0.0,0.1782178217821782,0.0,108.0,0
1409754,Pepijn Reulen,NAC Breda,132,Centre-Forward,att,0.3,18.253251197809718,20.8,0.4326923076923077,0.0,0.4326923076923077,108.0,0
45403,André Ayew,NAC Breda,132,Centre-Forward,att,0.25,36.709103353867214,59.0,0.15254237288135594,0.0,0.15254237288135594,108.0,0
218233,Fredrik Oldrup Jensen,NAC Breda,132,Defensive Midfield,mid,0.25,33.29226557152635,74.0,0.0,0.12162162162162163,0.0,108.0,0
329055,Enes Mahmutovic,NAC Breda,132,Centre-Back,def,0.25,29.281314168377822,42.0,0.0,0.0,0.21428571428571427,108.0,0
743390,Brahim Ghalidi,NAC Breda,132,Left Winger,att,0.175,21.585215605749486,26.8,0.0,0.0,0.3358208955223881,108.0,0
59641,Denis Odoi,NAC Breda,132,Centre-Back,def,0.15,38.26694045174538,74.8,0.0,0.0,0.24064171122994651,114.0,0
64352,Kostas Lamprou,NAC Breda,132,Goalkeeper,gk,0.15,34.95687885010267,90.0,0.0,0.0,0.0,308.0,0
571150,Jayden Candelaria,NAC Breda,132,Left-Back,def,0.15,22.50239561943874,19.375,0.0,0.0,0.0,108.0,0
195546,Roy Kortsmit,NAC Breda,132,Goalkeeper,gk,0.125,34.01779603011636,86.2,0.0,0.0,0.10440835266821345,514.0,0
1346738,Thomas Goos,NAC Breda,132,Goalkeeper,gk,0.05,18.6694045174538,0.0,0.0,0.0,0.0,,0
1088672,Jemuel Erat,NAC Breda,132,Centre-Back,def,,19.000684462696782,0.0,0.0,0.0,0.0,,0
1149728,Christian Chiza,NAC Breda,132,Left-Back,def,,18.70773442847365,0.0,0.0,0.0,0.0,,0
957544,Kodai Sano,NEC,467,Central Midfield,mid,12.0,22.937713894592743,88.4,0.0,0.20361990950226244,0.10180995475113122,108.0,1
747016,Sami Ouaissa,NEC,467,Right Midfield,mid,8.0,21.916495550992472,87.3,0.10309278350515463,0.41237113402061853,0.10309278350515463,108.0,1
662131,Ahmetcan Kaplan,NEC,467,Centre-Back,def,7.0,23.627652292950035,74.1,0.0,0.0,0.48582995951417,143.0,1
864112,Başar Önal,NEC,467,Left Midfield,mid,7.0,22.157426420260094,72.4,0.3729281767955801,0.12430939226519337,0.0,108.0,1
526566,Darko Nejasmic,NEC,467,Defensive Midfield,mid,4.0,27.603011635865844,89.6,0.10044642857142858,0.10044642857142858,0.20089285714285715,108.0,1
631049,Gonzalo Crettaz,NEC,467,Goalkeeper,gk,4.0,26.510609171800137,90.0,0.0,0.0,0.0,108.0,1
926389,Noé Lebreton,NEC,467,Attacking Midfield,mid,4.0,22.362765229295004,85.4,0.3161592505854801,0.1053864168618267,0.3161592505854801,108.0,1
340460,Philippe Sandler,NEC,467,Centre-Back,def,2.0,29.557837097878167,82.3,0.0,0.10935601458080195,0.4374240583232078,108.0,1
351567,Koki Ogawa,NEC,467,Centre-Forward,att,2.0,29.06776180698152,22.1,0.8144796380090498,0.4072398190045249,0.0,68.0,1
455127,Willum Thór Willumsson,NEC,467,Attacking Midfield,mid,1.5,27.860369609856264,37.6,0.0,0.2393617021276596,0.2393617021276596,136.0,1
485587,Dirk Proper,NEC,467,Defensive Midfield,mid,1.5,24.520191649555098,39.4,0.0,0.0,0.0,108.0,1
519731,Danilo,NEC,467,Centre-Forward,att,1.5,27.405886379192335,23.7,0.379746835443038,0.379746835443038,0.0,108.0,0
708989,Deveron Fonville,NEC,467,Centre-Back,def,1.5,23.299110198494184,79.0,0.0,0.0,0.22784810126582278,69.0,0
620317,Brayann Pereira,NEC,467,Centre-Back,def,1.0,23.28542094455852,44.3,0.0,0.40632054176072235,0.0,123.0,0
163847,Eli Dasa,NEC,467,Centre-Back,def,0.7,33.74674880219028,80.9,0.11124845488257108,0.0,0.11124845488257108,115.0,0
241477,Thomas Ouwejan,NEC,467,Centre-Back,def,0.7,29.921971252566735,66.8,0.1347305389221557,0.2694610778443114,0.0,210.0,0
444380,Youssef El Kachati,NEC,467,Centre-Forward,att,0.65,26.8145106091718,21.1,0.4265402843601896,0.0,0.0,115.0,0
670116,Isak Hansen-Aarøen,NEC,467,Attacking Midfield,mid,0.6,22.028747433264886,42.9,0.0,0.0,0.0,178.0,0
76326,Tjaronn Chery,NEC,467,Attacking Midfield,mid,0.4,38.24503764544832,87.2,0.3096330275229358,0.20642201834862386,0.10321100917431193,108.0,0
214346,Virgil Misidjan,NEC,467,Left Midfield,mid,0.4,33.1088295687885,32.3,0.0,0.0,0.2786377708978328,186.0,0
82410,Bryan Linssen,NEC,467,Centre-Forward,att,0.3,35.90143737166324,74.6,0.48257372654155495,0.0,0.12064343163538874,108.0,0
146227,Jasper Cillessen,NEC,467,Goalkeeper,gk,0.3,37.36344969199179,75.3,0.0,0.0,0.0,136.0,0
146258,Jetro Willems,NEC,467,Centre-Back,def,0.25,32.427104722792606,31.8,0.0,0.0,0.0,164.0,0
104597,Bram Nuytinck,NEC,467,Centre-Back,def,0.2,36.33127994524298,35.5,0.0,0.0,0.5070422535211268,108.0,0
1052803,Sam de Laat,NEC,467,Central Midfield,mid,0.075,20.22450376454483,38.0,0.0,0.0,0.0,260.0,0
593163,Rijk Janse,NEC,467,Goalkeeper,gk,0.05,24.380561259411362,84.0,0.0,0.0,0.0,164.0,0
640026,Shola Shoretire,PEC Zwolle,1269,Left Winger,att,2.0,22.581793292265573,82.9,0.43425814234016885,0.0,0.32569360675512665,173.0,1
361082,Jasper Schendelaar,PEC Zwolle,1269,Goalkeeper,gk,1.5,25.998631074606433,90.0,0.0,0.1,0.0,312.0,1
453121,Koen Kostons,PEC Zwolle,1269,Centre-Forward,att,1.5,26.95687885010267,83.9,0.10727056019070322,0.0,0.10727056019070322,108.0,1
542858,Simon Graves,PEC Zwolle,1269,Centre-Back,def,1.5,27.28268309377139,78.1,0.0,0.0,0.11523687580025609,108.0,1
631904,Anselmo García MacNulty,PEC Zwolle,1269,Centre-Back,def,1.5,23.534565366187543,88.3,0.10192525481313704,0.0,0.10192525481313704,115.0,1
656800,Tristan Gooijer,PEC Zwolle,1269,Right-Back,def,1.5,21.998631074606433,63.8,0.4231974921630094,0.0,0.14106583072100312,132.0,1
1347762,Jadiel Pereira da Gama,PEC Zwolle,1269,Defensive Midfield,mid,1.5,16.71457905544148,19.3,0.0,0.0,1.3989637305699483,108.0,1
595940,Zico Buurmeester,PEC Zwolle,1269,Central Midfield,mid,1.3,24.238193018480494,90.0,0.2,0.0,0.1,108.0,1
227039,Younes Namli,PEC Zwolle,1269,Right Winger,att,1.0,32.20260095824778,87.7,0.10262257696693272,0.20524515393386544,0.10262257696693272,143.0,1
729010,Tom de Graaff,PEC Zwolle,1269,Goalkeeper,gk,1.0,21.727583846680357,90.0,0.0,0.0,0.0,115.0,1
441216,Thijs Oosting,PEC Zwolle,1269,Attacking Midfield,mid,0.9,26.33538672142368,82.5,0.21818181818181817,0.21818181818181817,0.0,108.0,1
540927,Kaj de Rooij,PEC Zwolle,1269,Left Winger,att,1.0,25.76865160848734,45.4,0.19823788546255505,0.0,0.0,115.0,0
315211,Sherel Floranus,PEC Zwolle,1269,Left-Back,def,0.8,28.027378507871322,88.7,0.0,0.0,0.10146561443066517,69.0,0
203357,Ryan Thomas,PEC Zwolle,1269,Defensive Midfield,mid,0.65,31.701574264202602,52.1,0.0,0.1727447216890595,0.345489443378119,67.0,0
272930,Jamiro Monteiro,PEC Zwolle,1269,Central Midfield,mid,0.65,32.77481177275838,53.2,0.0,0.3383458646616541,0.0,67.0,0
720791,Olivier Aertssen,PEC Zwolle,1269,Right-Back,def,0.65,22.069815195071868,67.9,0.0,0.0,0.0,108.0,0
360520,Odysseus Velanas,PEC Zwolle,1269,Attacking Midfield,mid,0.55,28.243668720054757,58.4,0.3082191780821918,0.1541095890410959,0.0,108.0,0
568377,Tijs Velthuis,PEC Zwolle,1269,Centre-Back,def,0.5,24.637919233401778,55.0,0.0,0.0,0.0,108.0,0
949480,Jan Faberski,PEC Zwolle,1269,Right Winger,att,0.5,20.36413415468857,22.8,0.0,0.39473684210526316,0.0,173.0,0
640558,Damian van der Haar,PEC Zwolle,1269,Centre-Back,def,0.4,22.628336755646817,19.1,0.4712041884816754,0.0,0.4712041884816754,165.0,0
806384,Nick Fichtinger,PEC Zwolle,1269,Defensive Midfield,mid,0.35,22.406570841889117,46.8,0.0,0.0,0.38461538461538464,115.0,0
357826,Thomas Buitink,PEC Zwolle,1269,Centre-Forward,att,0.25,26.217659137577,12.3,0.0,0.0,0.7317073170731707,108.0,0
827711,Gabriël Reiziger,PEC Zwolle,1269,Attacking Midfield,mid,0.25,20.895277207392198,18.0,0.5,0.0,0.0,108.0,0
564620,Samir Lagsir,PEC Zwolle,1269,Attacking Midfield,mid,0.125,23.288158795345655,19.5,0.46153846153846156,0.9230769230769231,0.0,309.0,0
891853,David Voûte,PEC Zwolle,1269,Right-Back,def,0.1,20.826830937713893,30.666666666666668,0.0,0.0,0.0,333.0,0
1146453,Givaro Rahajaän,PEC Zwolle,1269,Central Midfield,mid,0.1,18.535249828884325,11.0,0.0,0.0,1.0,309.0,0
933570,Duke Verduin,PEC Zwolle,1269,Goalkeeper,gk,0.025,22.84188911704312,90.0,0.0,0.0,0.0,108.0,0
702869,Ismael Saibari,PSV,383,Attacking Midfield,mid,40.0,25.593429158110883,79.3,0.7944514501891551,0.34047919293820933,0.11349306431273644,70.0,1
627207,Ricardo Pepi,PSV,383,Centre-Forward,att,30.0,23.64681724845996,64.3,0.8398133748055988,0.0,0.0,75.0,1
408574,Joey Veerman,PSV,383,Central Midfield,mid,25.0,27.786447638603697,68.7,0.0,0.39301310043668125,0.0,108.0,1
900909,Paul Wanner,PSV,383,Attacking Midfield,mid,22.0,20.692676249144423,76.8,0.1171875,0.1171875,0.3515625,77.0,1
347900,Jerdy Schouten,PSV,383,Defensive Midfield,mid,20.0,29.637234770704996,82.1,0.0,0.0,0.10962241169305725,151.0,1
323910,Mauro Júnior,PSV,383,Left-Back,def,18.0,27.326488706365502,82.0,0.0,0.21951219512195122,0.10975609756097561,123.0,1
361104,Sergiño Dest,PSV,383,Right-Back,def,18.0,25.828884325804243,67.8,0.0,0.3982300884955753,0.13274336283185842,68.0,1
895334,Yarek Gasiorowski,PSV,383,Centre-Back,def,18.0,21.637234770704996,70.6,0.0,0.1274787535410765,0.0,108.0,1
372267,Guus Til,PSV,383,Attacking Midfield,mid,15.0,28.695414099931554,76.0,0.23684210526315788,0.23684210526315788,0.23684210526315788,74.0,1
397486,Dennis Man,PSV,383,Right Winger,att,15.0,28.019164955509925,64.1,0.5616224648985959,0.14040561622464898,0.28081123244929795,108.0,1
550829,Matej Kovar,PSV,383,Goalkeeper,gk,8.0,26.2943189596167,90.0,0.0,0.0,0.0,76.0,1
586429,Ryan Flamingo,PSV,383,Centre-Back,def,14.0,23.67145790554415,67.4,0.13353115727002968,0.0,0.13353115727002968,108.0,0
485584,Anass Salah-Eddine,PSV,383,Left-Back,def,12.0,24.621492128678987,41.2,0.0,0.21844660194174756,0.21844660194174756,70.0,0
735701,Ruben van Bommel,PSV,383,Left Winger,att,10.0,22.080766598220396,65.5,0.6870229007633588,0.2748091603053435,0.13740458015267176,346.0,0
925862,Esmir Bajraktarevic,PSV,383,Right Winger,att,8.0,21.481177275838466,49.6,0.3629032258064516,0.5443548387096775,0.0,70.0,0
593837,Couhaib Driouech,PSV,383,Left Winger,att,7.5,24.37782340862423,33.6,0.8035714285714286,0.8035714285714286,0.5357142857142857,108.0,0
548348,Kiliann Sildillia,PSV,383,Right-Back,def,7.0,24.298425735797398,78.9,0.22813688212927757,0.22813688212927757,0.11406844106463879,108.0,0
339337,Armando Obispo,PSV,383,Centre-Back,def,4.0,27.496235455167692,77.9,0.0,0.0,0.0,69.0,0
412932,Myron Boadu,PSV,383,Centre-Forward,att,4.0,25.631759069130734,23.5,0.3829787234042553,0.0,0.0,108.0,0
1095107,Noah Fernandez,PSV,383,Central Midfield,mid,4.0,18.647501711156742,47.4,0.189873417721519,0.0,0.379746835443038,108.0,0
167329,Alassane Pléa,PSV,383,Centre-Forward,att,2.5,33.48117727583847,70.2,0.2564102564102564,0.1282051282051282,0.0,381.0,0
215094,Nick Olij,PSV,383,Goalkeeper,gk,2.0,31.08829568788501,90.0,0.0,0.0,0.0,132.0,0
987376,Joël van den Berg,PSV,383,Central Midfield,mid,1.5,19.5564681724846,25.666666666666668,0.0,0.0,0.5844155844155844,115.0,0
42460,Ivan Perišić,PSV,383,Left Winger,att,1.2,37.57973990417522,75.0,0.24,0.6,0.24,67.0,0
723005,Niek Schiks,PSV,383,Goalkeeper,gk,0.5,22.579055441478438,90.0,0.0,0.0,0.0,201.0,0
570560,Daniel Lajud,Roda JC,192,Right Winger,att,0.45,27.61122518822724,63.2,0.0,0.14240506329113925,0.14240506329113925,591.0,1
633258,Tomas Kalinauskas,Roda JC,192,Left Winger,att,0.45,26.349075975359344,0.0,0.0,0.0,0.0,,1
928592,Marvin Young,Sparta Rotterdam,468,Centre-Back,def,5.0,20.917180013689254,90.0,0.0,0.0,0.4,108.0,1
333640,Joël Drommel,Sparta Rotterdam,468,Goalkeeper,gk,4.0,29.793292265571527,90.0,0.0,0.0,0.0,108.0,1
272206,Tobias Lauritsen,Sparta Rotterdam,468,Centre-Forward,att,3.5,29.00752908966461,88.3,0.20385050962627407,0.20385050962627407,0.0,108.0,1
1255744,Lushendry Martes,Sparta Rotterdam,468,Right-Back,def,3.0,18.324435318275153,71.7,0.0,0.0,0.37656903765690375,122.0,1
432694,Joshua Kitolano,Sparta Rotterdam,468,Defensive Midfield,mid,2.5,25.08145106091718,80.0,0.0,0.0,0.1125,108.0,1
566013,Shunsuke Mito,Sparta Rotterdam,468,Left Winger,att,2.0,23.928815879534564,71.3,0.25245441795231416,0.12622720897615708,0.0,108.0,1
1064184,Ayoni Santos,Sparta Rotterdam,468,Attacking Midfield,mid,2.0,21.125256673511295,71.7,0.12552301255230125,0.0,0.0,108.0,1
393239,Mitchell van Bergen,Sparta Rotterdam,468,Right Winger,att,1.5,27.017111567419576,78.4,0.11479591836734694,0.22959183673469388,0.0,115.0,1
412937,Shurandy Sambo,Sparta Rotterdam,468,Right-Back,def,1.3,25.037645448323065,47.1,0.0,0.0,0.1910828025477707,69.0,1
627069,Teo Quintero,Sparta Rotterdam,468,Centre-Back,def,1.3,27.50444900752909,90.0,0.0,0.1,0.6000000000000001,108.0,1
312493,Vito van Crooij,Sparta Rotterdam,468,Attacking Midfield,mid,0.9,30.5927446954141,74.9,0.0,0.12016021361815754,0.3604806408544726,108.0,1
679597,Casper Terho,Sparta Rotterdam,468,Right Winger,att,1.0,23.19233401779603,24.0,0.375,0.375,0.375,115.0,0
670105,Alwande Roaldsøy,Sparta Rotterdam,468,Central Midfield,mid,0.8,22.23134839151266,12.25,0.0,0.0,0.0,115.0,0
616340,Julian Baas,Sparta Rotterdam,468,Central Midfield,mid,0.7,24.380561259411362,50.1,0.0,0.0,0.5389221556886228,108.0,0
297693,Pelle Clement,Sparta Rotterdam,468,Central Midfield,mid,0.6,30.288843258042437,49.9,0.0,0.18036072144288579,0.36072144288577157,108.0,0
818445,Milan Zonneveld,Sparta Rotterdam,468,Centre-Forward,att,0.45,22.902121834360027,21.4,1.6822429906542056,0.0,0.0,108.0,0
112052,Bruno Martins Indi,Sparta Rotterdam,468,Centre-Back,def,0.3,34.56536618754278,76.4,0.11780104712041885,0.0,0.2356020942408377,115.0,0
524687,Saïd Bakari,Sparta Rotterdam,468,Right-Back,def,0.3,31.94524298425736,18.9,0.0,0.0,0.0,108.0,0
738516,Mike Kleijn,Sparta Rotterdam,468,Left-Back,def,0.3,21.560574948665298,45.8,0.0,0.1965065502183406,0.0,144.0,0
1102425,Giannino Vianello,Sparta Rotterdam,468,Left-Back,def,0.3,19.23066392881588,62.6,0.0,0.0,0.0,108.0,0
52119,Patrick van Aanholt,Sparta Rotterdam,468,Left-Back,def,0.25,36.01095140314853,41.4,0.21739130434782608,0.21739130434782608,0.43478260869565216,108.0,0
134999,Jens Toornstra,Sparta Rotterdam,468,Attacking Midfield,mid,0.2,37.412731006160165,27.6,0.0,0.0,0.0,108.0,0
155158,Filip Bednarek,Sparta Rotterdam,468,Goalkeeper,gk,0.2,33.93292265571527,90.0,0.0,0.0,0.1,230.0,0
796490,Pascal Kuiper,Sparta Rotterdam,468,Goalkeeper,gk,0.075,22.46132785763176,0.0,0.0,0.0,0.0,,0
804775,Max de Ligt,Sparta Rotterdam,468,Centre-Back,def,0.075,22.119096509240247,16.0,0.0,0.0,0.0,623.0,0
31067,Jonathan de Guzmán,Sparta Rotterdam,468,Central Midfield,mid,0.05,38.97056810403833,28.8,0.0,0.3125,0.0,108.0,0
682568,Cedric Hatenboer,Telstar,1434,Defensive Midfield,mid,2.0,21.456536618754278,81.5,0.0,0.3312883435582822,0.0,115.0,1
865281,Jochem Ritmeester van de Kamp,Telstar,1434,Attacking Midfield,mid,1.5,22.833675564681723,58.0,0.4655172413793104,0.0,0.3103448275862069,108.0,1
590777,Guus Offerhaus,Telstar,1434,Centre-Back,def,0.8,25.661875427789184,90.0,0.1,0.0,0.30000000000000004,108.0,1
926491,Sem van Duijn,Telstar,1434,Centre-Forward,att,0.8,22.458590006844627,80.9,0.44499381953028433,0.22249690976514216,0.0,108.0,1
951398,Neville Ogidi Nwankwo,Telstar,1434,Centre-Back,def,0.8,23.901437371663246,90.0,0.0,0.0,0.1,108.0,1
593824,Patrick Brouwer,Telstar,1434,Attacking Midfield,mid,0.75,25.456536618754278,79.5,0.339622641509434,0.339622641509434,0.22641509433962265,108.0,1
708005,Tyrese Noslin,Telstar,1434,Right Midfield,mid,0.75,23.975359342915812,62.1,0.14492753623188406,0.14492753623188406,0.14492753623188406,108.0,1
271549,Ronald Koeman Jr.,Telstar,1434,Goalkeeper,gk,0.7,31.279945242984258,90.0,0.1,0.0,0.2,108.0,1
694039,Nils Rossen,Telstar,1434,Defensive Midfield,mid,0.7,22.086242299794662,72.1,0.12482662968099861,0.0,0.0,108.0,1
891854,Gerald Alders,Telstar,1434,Right-Back,def,0.7,21.322381930184804,48.7,0.0,0.0,0.0,108.0,1
461644,Tyrone Owusu,Telstar,1434,Central Midfield,mid,0.6,27.496235455167692,54.3,0.0,0.16574585635359115,0.0,123.0,1
250440,Danny Bakker,Telstar,1434,Centre-Back,def,0.45,31.627652292950035,90.0,0.30000000000000004,0.1,0.0,108.0,0
263555,Jeff Hardeveld,Telstar,1434,Left Midfield,mid,0.45,31.512662559890487,90.0,0.2,0.2,0.0,108.0,0
748604,Devon Koswal,Telstar,1434,Centre-Back,def,0.45,23.033538672142367,62.6,0.0,0.0,0.14376996805111822,108.0,0
779752,Soufiane Hetli,Telstar,1434,Centre-Forward,att,0.45,25.259411362080765,33.1,0.0,0.2719033232628399,0.0,108.0,0
381349,Nökkvi Thórisson,Telstar,1434,Centre-Forward,att,0.4,27.055441478439427,59.4,0.30303030303030304,0.30303030303030304,0.0,151.0,0
442885,Kay Tejan,Telstar,1434,Centre-Forward,att,0.25,29.57700205338809,23.9,0.7531380753138075,0.0,0.37656903765690375,108.0,0
943592,Jelani Seedorf,Telstar,1434,Centre-Forward,att,0.25,21.72210814510609,11.6,0.7758620689655172,0.0,0.7758620689655172,108.0,0
322616,Dylan Mertens,Telstar,1434,Attacking Midfield,mid,0.2,31.121149897330596,10.3,0.0,0.0,0.0,178.0,0
1006923,Adil Lechkar,Telstar,1434,Right Midfield,mid,0.15,24.999315537303218,20.8,0.0,0.4326923076923077,0.4326923076923077,115.0,0
399350,Nigel Ogidi Nwankwo,Telstar,1434,Left Midfield,mid,0.125,28.079397672826833,16.833333333333332,0.0,0.0,0.0,209.0,0
412946,Daan Reiziger,Telstar,1434,Goalkeeper,gk,0.1,25.207392197125255,76.2,0.0,0.0,0.11811023622047244,206.0,0
1104231,Rojendro Oudsten,Telstar,1434,Central Midfield,mid,0.1,18.806297056810404,14.0,0.0,0.0,0.8035714285714286,115.0,0
84405,Dion Malone,Telstar,1434,Centre-Back,def,0.075,37.549623545516766,19.0,0.0,0.0,0.0,164.0,0
663961,Tyrick Bodak,Telstar,1434,Goalkeeper,gk,0.025,24.301163586584533,0.0,0.0,0.0,0.0,,0
1086915,Abdelraffie Benzzine,Telstar,1434,Centre-Back,def,,20.413415468856947,0.0,0.0,0.0,0.0,,0
1086920,Yamano Olfers,Telstar,1434,Centre-Back,def,,20.084873374401095,0.0,0.0,0.0,0.0,,0
390814,Trevor Doornbusch,VVV Venlo,1426,Goalkeeper,gk,0.1,27.159479808350444,56.0,0.0,0.0,0.0,309.0,1
790669,Kayne van Oevelen,Volendam,724,Goalkeeper,gk,2.0,23.071868583162217,87.1,0.0,0.0,0.0,122.0,1
348863,Juninho Bacuna,Volendam,724,Central Midfield,mid,1.7,29.07049965776865,73.8,0.0,0.24390243902439024,0.36585365853658536,69.0,1
747017,Dave Kwakman,Volendam,724,Central Midfield,mid,1.5,22.069815195071868,74.3,0.0,0.3633916554508748,0.12113055181695828,108.0,1
559325,Gibson Yah,Volendam,724,Defensive Midfield,mid,1.3,22.93223819301848,60.4,0.0,0.0,0.2980132450331126,108.0,1
1175048,Robin van Cruijsen,Volendam,724,Attacking Midfield,mid,1.2,20.531143052703626,64.3,0.27993779160186627,0.0,0.0,115.0,1
541020,Yannick Leliendal,Volendam,724,Left-Back,def,1.0,24.361396303901437,88.0,0.0,0.0,0.10227272727272728,108.0,1
891835,Nick Verschuren,Volendam,724,Centre-Back,def,1.0,21.634496919917865,89.1,0.0,0.0,0.40404040404040403,108.0,1
1104143,Benjamin Pauwels,Volendam,724,Left Winger,att,0.8,21.842573579739906,46.5,0.1935483870967742,0.0,0.0,108.0,1
241324,Bilal Ould-Chikh,Volendam,724,Right Winger,att,0.65,29.097878165639973,76.8,0.0,0.1171875,0.0,108.0,1
565434,Anthony Descotte,Volendam,724,Centre-Forward,att,0.6,23.082819986310746,59.9,0.15025041736227046,0.0,0.15025041736227046,122.0,1
940095,Nordin Bukala,Volendam,724,Central Midfield,mid,0.6,20.955509924709105,56.0,0.16071428571428573,0.0,0.4821428571428572,108.0,1
654902,Aurelio Oehlers,Volendam,724,Right Winger,att,0.5,22.573579739904176,33.4,0.2694610778443114,0.0,0.0,108.0,0
936006,Precious Ugwu,Volendam,724,Right-Back,def,0.5,20.56399726214921,90.0,0.0,0.0,0.1,108.0,0
380118,Ozan Kökcü,Volendam,724,Attacking Midfield,mid,0.375,28.041067761806982,72.4,0.0,0.0,0.12430939226519337,122.0,0
790411,Deron Payne,Volendam,724,Right-Back,def,0.35,23.93702943189596,60.3,0.0,0.0,0.14925373134328357,213.0,0
410719,Alex Plat,Volendam,724,Defensive Midfield,mid,0.3,28.57494866529774,33.9,0.0,0.0,0.5309734513274337,115.0,0
760508,Joel Ideho,Volendam,724,Left Winger,att,0.3,23.129363449691994,58.7,0.15332197614991483,0.0,0.4599659284497445,145.0,0
232219,Brandley Kuwas,Volendam,724,Right Winger,att,0.25,33.95208761122519,44.8,0.20089285714285715,0.20089285714285715,0.0,69.0,0
271743,Henk Veerman,Volendam,724,Centre-Forward,att,0.25,35.51540041067762,48.5,0.18556701030927836,0.0,0.18556701030927836,108.0,0
170720,Mawouna Amevor,Volendam,724,Centre-Back,def,0.2,34.71321013004791,90.0,0.0,0.0,0.2,108.0,0
729011,Roy Steur,Volendam,724,Goalkeeper,gk,0.2,21.582477754962355,84.83333333333333,0.0,0.0,0.17681728880157171,108.0,0
710999,Silvinho Esajas,Volendam,724,Centre-Back,def,0.15,24.1533196440794,24.5,0.0,0.0,0.0,230.0,0
186763,Robert Mühren,Volendam,724,Centre-Forward,att,0.125,37.29226557152635,32.0,0.84375,0.28125,0.0,108.0,0
56836,Aaron Meijers,Volendam,724,Left-Back,def,0.075,38.847364818617386,47.0,0.0,0.0,0.0,129.0,0
1175045,Luca Blondeau,Volendam,724,Centre-Back,def,0.075,20.555783709787818,45.5,0.0,0.0,0.0,145.0,0
928359,Myron Mau-Asam,Volendam,724,Central Midfield,mid,0.05,22.420260095824776,7.0,0.0,0.0,0.0,178.0,0
1055233,Jesper Tielemans,Volendam,724,Centre-Forward,att,0.05,20.295687885010267,10.0,0.0,0.0,0.0,235.0,0
1055235,Key-Shawn Wong-A-Soij,Volendam,724,Left Winger,att,0.05,19.920602327173167,12.0,0.0,1.0,0.0,221.0,0
587297,Dion Vlak,Volendam,724,Goalkeeper,gk,0.025,25.180013689253936,0.0,0.0,0.0,0.0,,0
1196804,Anass Bouziane,Volendam,724,Defensive Midfield,mid,0.025,19.696098562628336,0.0,0.0,0.0,0.0,,0
349567,Juan Familia-Castillo,Waalwijk,235,Left-Back,def,0.4,26.636550308008214,74.1,0.1214574898785425,0.1214574898785425,0.0,230.0,1
393241,Godfried Roemeratoe,Waalwijk,235,Defensive Midfield,mid,0.4,27.039014373716633,36.5,0.2465753424657534,0.2465753424657534,0.2465753424657534,73.0,1
401029,Roshon van Eijma,Waalwijk,235,Centre-Back,def,0.375,28.23271731690623,50.3,0.0,0.0,0.17892644135188868,73.0,1
606023,Nathan Tjoe-A-On,Willem II,403,Left-Back,def,0.45,24.695414099931554,39.3,0.22900763358778625,0.0,0.22900763358778625,258.0,1
