Div,Date,Time,HomeTeam,AwayTeam,Referee,B365H,B365D,B365A,BFDH,BFDD,BFDA,BVH,BVD,BVA,BWH,BWD,BWA,PPH,PPD,PPA,SKBH,SKBD,SKBA,MaxH,MaxD,MaxA,AvgH,AvgD,AvgA,BFEH,BFED,BFEA,B365>2.5,B365<2.5,Max>2.5,Max<2.5,Avg>2.5,Avg<2.5,BFE>2.5,BFE<2.5,AHh,B365AHH,B365AHA,MaxAHH,MaxAHA,AvgAHH,AvgAHA,BFEAHH,BFEAHA,B365CH,B365CD,B365CA,BFDCH,BFDCD,BFDCA,BVCH,BVCD,BVCA,BWCH,BWCD,BWCA,PPCH,PPCD,PPCA,SKBCH,SKBCD,SKBCA,MaxCH,MaxCD,MaxCA,AvgCH,AvgCD,AvgCA,BFECH,BFECD,BFECA,B365C>2.5,B365C<2.5,MaxC>2.5,MaxC<2.5,AvgC>2.5,AvgC<2.5,BFEC>2.5,BFEC<2.5,AHCh,B365CAHH,B365CAHA,MaxCAHH,MaxCAHA,AvgCAHH,AvgCAHA,BFECAHH,BFECAHA
B1,02/09/2026,19:30,St Truiden,St. Gilloise,,3.7,3.4,1.91,3.4,3.5,1.95,3.5,3.5,1.93,3.6,3.5,2,3.4,3.5,1.91,3.3,3.4,1.91,3.75,3.6,2.05,3.53,3.45,1.96,3.85,3.7,2.08,1.75,2.05,1.78,2.1,1.73,2.02,1.79,2.12,0.5,1.85,1.95,1.85,2,1.78,1.93,1.9,2.08,,,,,,,,,,,,,,,,,,,,,,,,,,,,,,,,,,,,,,,,,,,,
B1,03/09/2026,19:30,Anderlecht,Kortrijk,,1.48,4.2,5.5,1.5,4.2,5.5,1.5,4.2,5.5,1.53,4.5,5.5,1.44,4.4,5.5,1.44,4.2,5.25,1.53,4.5,5.75,1.49,4.33,5.49,1.54,4.6,6,1.57,2.35,1.58,2.4,1.54,2.36,1.61,2.44,-1,1.8,2,1.8,2,1.78,1.88,,,,,,,,,,,,,,,,,,,,,,,,,,,,,,,,,,,,,,,,,,,,,,
B1,03/09/2026,19:30,Gent,Oud-Heverlee Leuven,,1.62,3.7,5,1.57,4,5,1.6,3.8,5,1.63,4.1,5,1.57,3.8,5,1.55,3.75,4.75,1.63,4.1,5.6,1.6,3.89,4.96,1.72,4.1,5.5,1.75,2.05,1.78,2.1,1.72,2.03,1.68,2.16,-1,2.08,1.73,2.08,1.8,2.03,1.71,,,,,,,,,,,,,,,,,,,,,,,,,,,,,,,,,,,,,,,,,,,,,,
E1,01/09/2026,19:45,Lincoln,Blackburn,W Finnie,2.2,3.4,3.1,2.25,3.5,3.1,2.25,3.4,3.1,2.25,3.3,3.1,2.25,3.3,3.1,2.25,3.4,3.1,2.25,3.5,3.15,2.25,3.39,3.09,2.38,3.5,3.3,1.93,1.93,1.93,1.93,1.87,1.87,1.99,1.98,-0.25,1.98,1.88,1.98,1.88,1.91,1.83,2.04,1.94,,,,,,,,,,,,,,,,,,,,,,,,,,,,,,,,,,,,,,,,,,,,
E1,01/09/2026,19:45,Portsmouth,Derby,S Allison,1.86,3.4,4,2.05,3.5,3.6,1.93,3.5,3.9,1.95,3.5,3.8,1.95,3.4,3.8,1.95,3.5,3.8,2.05,3.5,4,1.96,3.48,3.79,2.08,3.6,4,2,1.85,2,1.85,1.96,1.78,2.06,1.92,-0.5,1.93,1.93,1.95,1.93,1.91,1.82,2.08,1.9,,,,,,,,,,,,,,,,,,,,,,,,,,,,,,,,,,,,,,,,,,,,
E1,01/09/2026,19:45,Preston,Bristol City,R Ricardo,2.82,3.4,2.32,2.75,3.5,2.5,2.8,3.4,2.45,2.75,3.4,2.5,2.8,3.3,2.45,2.8,3.4,2.45,2.85,3.5,2.5,2.78,3.4,2.46,2.98,3.5,2.58,1.93,1.93,1.93,1.93,1.87,1.87,1.98,2,0,2.08,1.73,2.08,1.75,2.02,1.73,2.14,1.84,,,,,,,,,,,,,,,,,,,,,,,,,,,,,,,,,,,,,,,,,,,,
E1,01/09/2026,19:45,Sheffield United,Bolton,T Harrington,1.57,3.9,5.25,1.67,4,5,1.62,4,5.25,1.62,4.1,5,1.62,3.8,5,1.62,4,5,1.67,4.1,5.33,1.63,3.98,5.1,1.7,4.1,5.6,1.73,2.1,1.75,2.1,1.73,2.03,1.85,2.14,-0.75,1.8,2.05,1.8,2.05,1.77,1.98,1.88,2.1,,,,,,,,,,,,,,,,,,,,,,,,,,,,,,,,,,,,,,,,,,,,
E1,01/09/2026,19:45,Swansea,Watford,E Duckworth,1.76,3.6,4.2,1.83,3.75,4,1.83,3.6,4.2,1.85,3.6,4.1,1.83,3.6,4,1.83,3.75,4,1.85,3.75,4.2,1.83,3.65,4.08,1.93,3.85,4.4,1.93,1.93,1.93,2,1.84,1.9,1.98,1.99,-0.5,1.83,2.03,1.83,2.03,1.79,1.94,1.92,2.07,,,,,,,,,,,,,,,,,,,,,,,,,,,,,,,,,,,,,,,,,,,,
E1,01/09/2026,19:45,West Ham,Wolves,L Smith,2.01,3.6,3.4,2.05,3.75,3.3,2.05,3.7,3.3,2.05,3.6,3.3,2,3.6,3.4,2,3.7,3.4,2.08,3.75,3.4,2.04,3.65,3.33,2.14,3.8,3.6,1.67,2.2,1.67,2.25,1.65,2.17,1.74,2.32,-0.5,2.05,1.8,2.05,1.8,2,1.74,2.14,1.86,,,,,,,,,,,,,,,,,,,,,,,,,,,,,,,,,,,,,,,,,,,,
E1,01/09/2026,20:00,Birmingham,Southampton,A Backhouse,2.5,3.3,2.57,2.5,3.5,2.75,2.5,3.5,2.7,2.5,3.4,2.7,2.45,3.5,2.7,2.45,3.5,2.63,2.55,3.5,2.78,2.5,3.44,2.69,2.66,3.6,2.84,1.8,2,1.8,2.05,1.75,2,1.82,2.18,0,1.88,1.98,1.88,2,1.81,1.93,1.93,2.05,,,,,,,,,,,,,,,,,,,,,,,,,,,,,,,,,,,,,,,,,,,,
E1,01/09/2026,20:00,Stoke,Norwich,A Kitchen,3.4,3.6,2.01,3.2,3.6,2.15,3.4,3.6,2.05,3.3,3.5,2.1,3.4,3.4,2.1,3.4,3.5,2.1,3.4,3.6,2.2,3.31,3.53,2.1,3.55,3.7,2.18,1.8,2,1.8,2,1.77,1.97,1.83,2.14,0.25,2.05,1.8,2.05,1.85,1.96,1.79,2.08,1.9,,,,,,,,,,,,,,,,,,,,,,,,,,,,,,,,,,,,,,,,,,,,
E1,02/09/2026,19:45,Millwall,Wrexham,O Langford,2.2,3.25,3.25,2.25,3.5,3.1,2.2,3.4,3.2,2.3,3.4,3.1,2.3,3.25,3,2.3,3.25,3,2.32,3.5,3.4,2.24,3.35,3.15,2.32,3.5,3.4,1.91,1.91,1.95,1.91,1.9,1.83,1.96,1.95,-0.25,1.93,1.93,1.93,1.93,1.89,1.85,1.96,1.99,,,,,,,,,,,,,,,,,,,,,,,,,,,,,,,,,,,,,,,,,,,,
E1,02/09/2026,19:45,QPR,Cardiff,T Robinson,1.86,3.6,3.75,1.91,3.75,3.75,1.91,3.75,3.7,1.95,3.75,3.6,1.91,3.8,3.5,1.91,3.8,3.5,1.95,4,3.75,1.92,3.77,3.6,2,4.1,3.85,1.73,2.1,1.73,2.15,1.68,2.11,1.73,2.3,-0.5,1.93,1.93,1.93,1.93,1.88,1.85,2,1.98,,,,,,,,,,,,,,,,,,,,,,,,,,,,,,,,,,,,,,,,,,,,
E1,02/09/2026,19:45,West Brom,Charlton,F Hallam,1.71,3.5,4.75,1.8,3.6,4.6,1.75,3.6,4.75,1.78,3.6,4.6,1.75,3.6,4.5,1.75,3.6,4.5,1.8,3.8,4.75,1.76,3.6,4.58,1.83,3.75,5,2.1,1.73,2.1,1.75,2.03,1.73,2.12,1.84,-0.5,1.75,2.05,1.75,2.05,1.73,2.03,1.83,2.16,,,,,,,,,,,,,,,,,,,,,,,,,,,,,,,,,,,,,,,,,,,,
E1,02/09/2026,20:00,Burnley,Middlesbrough,M Donohue,2.82,3.4,2.32,2.75,3.6,2.4,2.8,3.5,2.4,2.7,3.6,2.45,2.8,3.4,2.4,2.75,3.4,2.4,2.85,3.6,2.5,2.75,3.5,2.4,2.92,3.7,2.54,1.8,2,1.8,2.08,1.74,2.02,1.77,2.2,0,2.05,1.8,2.05,1.8,2,1.75,2.13,1.85,,,,,,,,,,,,,,,,,,,,,,,,,,,,,,,,,,,,,,,,,,,,
E2,01/09/2026,19:45,Bradford,Cambridge,S Oldham,1.71,3.4,4.5,1.8,3.75,4.5,1.75,3.6,4.6,1.78,3.5,4.5,1.73,3.6,4.75,1.73,3.75,4.5,1.8,3.75,4.75,1.76,3.57,4.47,1.82,3.75,5.2,2,1.8,2,1.91,1.91,1.8,2.1,1.87,-0.75,2.05,1.8,2.05,1.8,1.98,1.76,2.06,1.89,,,,,,,,,,,,,,,,,,,,,,,,,,,,,,,,,,,,,,,,,,,,
E2,01/09/2026,19:45,Bromley,Leyton Orient,S Parkinson,2.57,3.1,2.57,2.5,3.5,2.75,2.6,3.4,2.6,2.5,3.4,2.65,2.5,3.5,2.63,2.45,3.6,2.6,2.6,3.6,2.75,2.52,3.36,2.63,2.72,3.55,2.74,1.9,1.9,1.9,1.91,1.85,1.85,1.94,2,0,1.93,1.93,1.93,1.93,1.86,1.88,1.97,1.99,,,,,,,,,,,,,,,,,,,,,,,,,,,,,,,,,,,,,,,,,,,,
E2,01/09/2026,19:45,Doncaster,Notts County,Z Kennard-Kettle,2.15,3.4,3,2.2,3.5,3.2,2.25,3.4,3.1,2.25,3.3,3,2.15,3.5,3.2,2.1,3.6,3.1,2.25,3.6,3.2,2.2,3.42,3.08,2.32,3.6,3.3,1.95,1.9,1.95,1.91,1.87,1.84,1.98,1.96,-0.25,1.98,1.88,1.98,1.88,1.91,1.83,2,1.96,,,,,,,,,,,,,,,,,,,,,,,,,,,,,,,,,,,,,,,,,,,,
E2,01/09/2026,19:45,Huddersfield,Oxford,B Speedie,1.66,3.8,4.5,1.73,4,4.5,1.73,3.9,4.4,1.73,3.8,4.33,1.75,3.8,4.33,1.73,4,4.2,1.75,4,4.5,1.72,3.82,4.34,1.81,4,4.5,1.7,2.1,1.73,2.1,1.69,2.06,1.74,2.26,-0.5,1.73,2.08,1.73,2.08,1.7,2.05,1.81,2.17,,,,,,,,,,,,,,,,,,,,,,,,,,,,,,,,,,,,,,,,,,,,
E2,01/09/2026,19:45,Leicester,Plymouth,H Wager,1.86,3.6,3.6,1.95,3.75,3.6,1.9,3.75,3.7,1.93,3.7,3.5,1.91,3.75,3.6,1.87,3.8,3.5,1.95,4,3.7,1.91,3.72,3.55,1.98,4.1,3.8,1.65,2.2,1.65,2.3,1.62,2.18,1.7,2.34,-0.5,1.95,1.9,1.95,1.9,1.88,1.84,1.98,1.98,,,,,,,,,,,,,,,,,,,,,,,,,,,,,,,,,,,,,,,,,,,,
E2,01/09/2026,19:45,Peterboro,Stevenage,D Drysdale,2.4,3.1,2.82,2.5,3.4,2.75,2.45,3.3,2.8,2.45,3.3,2.7,2.5,3.4,2.7,2.45,3.6,2.63,2.5,3.6,2.85,2.45,3.3,2.75,2.62,3.5,2.9,2,1.85,2,1.85,1.92,1.81,2.02,1.93,0,1.8,2.05,1.8,2.05,1.76,1.98,1.87,2.1,,,,,,,,,,,,,,,,,,,,,,,,,,,,,,,,,,,,,,,,,,,,
E2,01/09/2026,19:45,Wycombe,Sheffield Weds,D Rock,2.57,3.3,2.45,2.6,3.6,2.5,2.6,3.6,2.5,2.65,3.6,2.4,2.5,3.6,2.5,2.5,3.8,2.5,2.65,3.8,2.55,2.56,3.56,2.48,2.62,3.85,2.7,1.67,2.15,1.67,2.15,1.65,2.12,1.72,2.28,0,1.98,1.88,1.98,1.88,1.91,1.83,1.97,1.99,,,,,,,,,,,,,,,,,,,,,,,,,,,,,,,,,,,,,,,,,,,,
E2,02/09/2026,19:45,Barnsley,Blackpool,J O'Connor,2.1,3.5,3,2.25,3.6,3,2.2,3.6,3,2.2,3.6,2.9,2.2,3.6,2.9,2.2,3.5,2.88,2.25,3.6,3.1,2.2,3.54,2.97,2.3,3.65,3.25,1.7,2.1,1.73,2.15,1.68,2.08,1.73,2.14,-0.25,1.93,1.93,1.93,1.93,1.89,1.85,1.99,1.96,,,,,,,,,,,,,,,,,,,,,,,,,,,,,,,,,,,,,,,,,,,,
E2,02/09/2026,19:45,Burton,AFC Wimbledon,D Brown,1.91,3.25,4,2,3.5,3.75,2,3.4,3.7,1.95,3.5,3.6,2,3.4,3.75,1.95,3.3,3.6,2,3.5,4,1.97,3.38,3.73,2,3.35,4.1,2.05,1.75,2.05,1.77,2,1.73,2.12,1.73,-0.5,2,1.85,2,1.85,1.93,1.78,2,1.86,,,,,,,,,,,,,,,,,,,,,,,,,,,,,,,,,,,,,,,,,,,,
E2,02/09/2026,19:45,Luton,Stockport,C Hicks,2.15,3.4,3.1,2.15,3.75,3.1,2.2,3.6,3,2.15,3.7,2.95,2.15,3.6,3,2.15,3.5,3,2.2,3.8,3.1,2.16,3.62,2.99,2.2,3.8,2.96,1.7,2.1,1.7,2.15,1.67,2.1,1.71,2.26,-0.25,1.95,1.9,1.95,1.9,1.88,1.85,1.97,1.9,,,,,,,,,,,,,,,,,,,,,,,,,,,,,,,,,,,,,,,,,,,,
E2,02/09/2026,19:45,Wigan,Milton Keynes Dons,P Howard,2.3,3.25,2.85,2.5,3.4,2.8,2.4,3.3,2.9,2.4,3.4,2.75,2.38,3.3,2.88,2.3,3.25,2.8,2.55,3.4,2.9,2.4,3.3,2.84,2.5,3.5,3.05,2.03,1.83,2.03,1.83,1.98,1.76,2.06,1.85,-0.25,2.1,1.78,2.1,1.78,2.04,1.73,2.14,1.85,,,,,,,,,,,,,,,,,,,,,,,,,,,,,,,,,,,,,,,,,,,,
E2,02/09/2026,20:00,Reading,Mansfield,T Reeves,1.96,3.5,3.4,2.05,3.6,3.4,2.05,3.6,3.4,2,3.7,3.3,2,3.6,3.3,2,3.5,3.25,2.05,3.7,3.55,2.01,3.58,3.36,2.18,3.65,3.3,1.75,2.05,1.8,2.05,1.74,2.01,1.71,2.08,-0.25,1.75,2.05,1.75,2.05,1.73,2,1.89,2,,,,,,,,,,,,,,,,,,,,,,,,,,,,,,,,,,,,,,,,,,,,
E3,01/09/2026,19:45,Accrington,Grimsby,M Barlow,3.7,3.6,1.91,3.5,3.6,2.05,3.7,3.5,1.95,3.6,3.4,1.98,3.5,3.5,2,3.4,3.7,2,3.7,3.75,2.05,3.52,3.54,1.98,3.8,3.75,2.06,1.85,1.95,1.9,1.95,1.84,1.87,1.95,2.02,0.5,1.88,1.98,1.88,2,1.78,1.94,1.92,2.06,,,,,,,,,,,,,,,,,,,,,,,,,,,,,,,,,,,,,,,,,,,,
E3,01/09/2026,19:45,Bristol Rvs,Colchester,A Chilowicz,1.76,3.75,3.9,1.83,3.75,4.2,1.8,3.7,4.1,1.85,3.6,3.9,1.8,3.75,4,1.75,3.8,4,1.85,3.8,4.2,1.8,3.71,3.98,1.89,4,4.3,1.73,2.08,1.8,2.08,1.74,1.99,1.8,2.16,-0.5,1.83,2.03,1.83,2.03,1.78,1.94,1.89,2.09,,,,,,,,,,,,,,,,,,,,,,,,,,,,,,,,,,,,,,,,,,,,
E3,01/09/2026,19:45,Cheltenham,York,S Copeland,3.8,3.6,1.81,3.75,3.75,1.91,3.9,3.7,1.87,3.75,3.6,1.88,3.8,3.6,1.91,3.7,3.8,1.87,3.9,3.8,1.91,3.75,3.64,1.88,4,3.85,1.98,1.83,2.03,1.83,2.03,1.76,1.97,1.86,2.1,0.5,1.95,1.9,1.95,1.9,1.87,1.85,2,1.98,,,,,,,,,,,,,,,,,,,,,,,,,,,,,,,,,,,,,,,,,,,,
E3,01/09/2026,19:45,Chesterfield,Gillingham,R Martin,1.56,3.8,5.5,1.57,4,6,1.57,3.9,5.75,1.55,4,5.5,1.53,3.8,6,1.53,4,5.5,1.6,4,6,1.56,3.86,5.63,1.67,4.1,6,1.98,1.88,1.98,1.88,1.92,1.8,2.04,1.9,-0.75,1.75,2.05,1.75,2.1,1.71,2.03,1.85,2.13,,,,,,,,,,,,,,,,,,,,,,,,,,,,,,,,,,,,,,,,,,,,
E3,01/09/2026,19:45,Crewe,Walsall,O Mackey,2.2,3.4,3,2.25,3.6,3,2.25,3.5,3,2.25,3.4,2.95,2.2,3.5,3,2.2,3.7,2.9,2.25,3.7,3.1,2.22,3.49,2.98,2.34,3.7,3.2,1.75,2.05,1.85,2.05,1.76,1.96,1.86,2.12,-0.25,1.98,1.88,1.98,1.88,1.92,1.82,2.03,1.95,,,,,,,,,,,,,,,,,,,,,,,,,,,,,,,,,,,,,,,,,,,,
E3,01/09/2026,19:45,Exeter,Barnet,S Gill,3.8,3.6,1.86,3.5,3.75,2,3.7,3.75,1.9,3.6,3.7,1.9,3.5,3.75,1.95,3.4,3.8,1.91,3.8,3.8,2,3.56,3.71,1.92,4,3.95,2,1.67,2.15,1.67,2.2,1.65,2.12,1.74,2.28,0.5,1.95,1.9,1.95,1.91,1.85,1.87,1.99,2,,,,,,,,,,,,,,,,,,,,,,,,,,,,,,,,,,,,,,,,,,,,
E3,01/09/2026,19:45,Fleetwood Town,Oldham,W Davis,2.55,3.2,2.57,2.5,3.4,2.75,2.6,3.3,2.63,2.5,3.3,2.65,2.5,3.4,2.7,2.45,3.6,2.63,2.6,3.6,2.75,2.53,3.35,2.64,2.72,3.5,2.84,2,1.85,2,1.85,1.92,1.8,2.04,1.91,0,1.9,1.95,1.9,1.95,1.85,1.89,1.96,2.03,,,,,,,,,,,,,,,,,,,,,,,,,,,,,,,,,,,,,,,,,,,,
E3,01/09/2026,19:45,Northampton,Crawley Town,A Dale,1.68,3.6,4.5,1.73,4,4.5,1.73,3.75,4.5,1.77,3.7,4.2,1.73,3.8,4.5,1.7,4,4.33,1.77,4,4.5,1.73,3.75,4.38,1.8,3.9,4.8,1.85,2,1.85,2,1.8,1.93,1.9,2.04,-0.75,1.98,1.88,1.98,1.88,1.93,1.81,2.03,1.91,,,,,,,,,,,,,,,,,,,,,,,,,,,,,,,,,,,,,,,,,,,,
E3,01/09/2026,19:45,Rochdale,Shrewsbury,S Mather,2.15,3.3,3.1,2.2,3.5,3.2,2.25,3.4,3.1,2.2,3.3,3.1,2.15,3.5,3.2,2.1,3.6,3.1,2.25,3.6,3.2,2.18,3.43,3.1,2.32,3.6,3.3,1.95,1.9,1.95,1.91,1.86,1.85,1.98,1.98,-0.25,1.98,1.88,1.98,1.9,1.89,1.86,2.01,1.97,,,,,,,,,,,,,,,,,,,,,,,,,,,,,,,,,,,,,,,,,,,,
E3,01/09/2026,19:45,Salford,Newport County,M Russell,1.46,4.1,6,1.53,4.33,6,1.5,4.33,6,1.55,4.33,5,1.5,4.33,5.5,1.5,4.5,5,1.55,4.5,6,1.5,4.31,5.63,1.59,4.5,6.4,1.6,2.3,1.62,2.3,1.59,2.23,1.67,2.42,-1,1.85,2,1.85,2,1.81,1.92,1.94,1.99,,,,,,,,,,,,,,,,,,,,,,,,,,,,,,,,,,,,,,,,,,,,
E3,01/09/2026,19:45,Swindon,Port Vale,M Corlett,3.1,3.6,2.01,3.1,3.5,2.25,3.2,3.5,2.15,3.25,3.3,2.15,3.1,3.5,2.15,3,3.6,2.1,3.25,3.6,2.25,3.1,3.49,2.15,3.4,3.65,2.24,1.85,2,1.85,2,1.81,1.91,1.94,2.02,0.25,2,1.85,2,1.88,1.9,1.83,2.06,1.93,,,,,,,,,,,,,,,,,,,,,,,,,,,,,,,,,,,,,,,,,,,,
E3,01/09/2026,19:45,Tranmere,Rotherham,M Woods,2.15,3.2,3.2,2.3,3.4,3.1,2.25,3.3,3.2,2.25,3.3,3.1,2.3,3.3,2.9,2.25,3.5,2.88,2.3,3.5,3.2,2.23,3.34,3.07,2.32,3.5,3.25,2.08,1.73,2.08,1.8,2.01,1.73,2.12,1.87,-0.25,1.95,1.9,1.95,1.9,1.9,1.84,2.01,1.95,,,,,,,,,,,,,,,,,,,,,,,,,,,,,,,,,,,,,,,,,,,,
EC,01/09/2026,19:45,Halifax,Hartlepool,A Miller,2.5,3.4,2.5,2.4,3.4,2.6,2.5,3.4,2.5,2.45,3.25,2.45,2.4,3.3,2.5,2.38,3.25,2.5,2.5,3.6,2.6,2.46,3.38,2.5,2.6,3.6,2.66,1.8,2,1.8,2,1.76,1.96,1.8,2.12,0,1.9,1.9,1.9,1.9,1.85,1.85,1.93,2,,,,,,,,,,,,,,,,,,,,,,,,,,,,,,,,,,,,,,,,,,,,
F1,03/09/2026,19:45,Toulouse,Lille,,3.25,3.25,2.15,3.4,3.4,2.15,3.3,3.25,2.1,3.4,3.4,2.1,3.5,3.2,2.1,3.4,3.2,2.1,3.5,3.4,2.2,3.36,3.3,2.12,3.6,3.45,2.24,2,1.8,2.1,1.8,2.01,1.74,2.08,1.84,0.25,1.98,1.88,1.98,1.88,1.94,1.81,2.04,1.92,,,,,,,,,,,,,,,,,,,,,,,,,,,,,,,,,,,,,,,,,,,,
SC0,02/09/2026,19:45,Celtic,Aberdeen,D Nicolson,1.19,6.5,11,1.25,6,11,1.22,5.75,10,1.27,5.75,9.5,1.2,6,13,1.22,5.75,9.5,1.28,6.5,13,1.23,5.99,9.99,1.27,6.6,14,1.4,3,1.4,3.25,1.36,2.94,1.43,2.98,-1.75,1.83,2.03,1.9,2.03,1.83,1.91,1.87,2.01,,,,,,,,,,,,,,,,,,,,,,,,,,,,,,,,,,,,,,,,,,,,
SC0,02/09/2026,19:45,Dundee,St Johnstone,R Hardie,2.55,3.5,2.55,2.63,3.5,2.6,2.55,3.3,2.55,2.6,3.4,2.5,2.63,3.25,2.63,2.6,3.2,2.6,2.63,3.5,2.63,2.57,3.4,2.55,2.68,3.6,2.7,1.88,1.98,1.9,1.98,1.81,1.91,1.87,2.04,0,1.93,1.93,1.93,1.93,1.86,1.87,1.95,1.96,,,,,,,,,,,,,,,,,,,,,,,,,,,,,,,,,,,,,,,,,,,,
SC0,02/09/2026,19:45,Kilmarnock,St Mirren,D Dickinson,2.75,3.4,2.4,2.8,3.6,2.38,2.75,3.4,2.3,2.85,3.4,2.35,2.7,3.3,2.5,2.63,3.25,2.45,2.87,3.6,2.5,2.74,3.38,2.4,2.86,3.55,2.5,1.83,2.03,1.83,2.03,1.79,1.95,1.75,2.1,0,2.05,1.8,2.05,1.8,2.01,1.74,2.09,1.8,,,,,,,,,,,,,,,,,,,,,,,,,,,,,,,,,,,,,,,,,,,,
SC0,02/09/2026,19:45,Motherwell,Dundee United,C Scott,1.91,3.75,3.6,2,3.75,3.5,1.91,3.6,3.5,1.95,3.6,3.5,2,3.7,3.4,2,3.5,3.3,2,3.75,3.6,1.94,3.63,3.51,1.95,3.9,3.65,1.73,2.1,1.73,2.2,1.68,2.09,1.63,2.2,-0.5,2,1.85,2,1.85,1.9,1.82,1.95,2,,,,,,,,,,,,,,,,,,,,,,,,,,,,,,,,,,,,,,,,,,,,
SC0,02/09/2026,20:00,Falkirk,Rangers,D McFarlane,5,4.33,1.56,5,4.2,1.62,5,4.1,1.55,4.8,4.2,1.58,5,4,1.57,5,3.9,1.57,5.5,4.33,1.62,4.98,4.15,1.57,5.9,4.4,1.61,1.62,2.3,1.62,2.38,1.57,2.29,1.6,2.42,1,1.83,2.03,1.83,2.03,1.79,1.95,1.9,2,,,,,,,,,,,,,,,,,,,,,,,,,,,,,,,,,,,,,,,,,,,,
SC0,03/09/2026,19:45,Hibernian,Hearts,D Robertson,2.45,3.5,2.65,2.5,3.5,2.75,2.45,3.3,2.63,2.5,3.4,2.65,2.6,3.2,2.7,2.6,3.1,2.63,2.6,3.5,2.75,2.48,3.34,2.66,2.6,3.55,2.74,1.88,1.98,1.88,1.98,1.81,1.91,1.84,1.98,0,1.85,2,1.85,2,1.8,1.94,1.87,2,,,,,,,,,,,,,,,,,,,,,,,,,,,,,,,,,,,,,,,,,,,,
SP1,03/09/2026,20:00,Sociedad,Celta,,1.95,3.6,3.8,2,3.6,3.6,1.9,3.4,3.6,2,3.5,3.6,1.91,3.4,3.8,1.91,3.4,3.8,2,3.6,3.95,1.95,3.48,3.69,2.04,3.65,4.1,1.93,1.93,1.93,1.93,1.86,1.86,1.99,1.99,-0.5,1.95,1.9,1.95,1.9,1.9,1.83,2.02,1.94,,,,,,,,,,,,,,,,,,,,,,,,,,,,,,,,,,,,,,,,,,,,
